source,night,stamp,receiver,beacon,mac,window,n_windows,sfo_median,sfo_iqr,sfo_sd,cfo_median,cfo_iqr,cfo_sd
heldout_window,1,20260829_025355,d0wd,B1,a4:f0:0f:77:91:20,T0+5000..6800 (T0+8120..9920 on night 2),1174,0.024639,0.001814,0.001349,-0.0904,3.6153,2.6922
heldout_window,1,20260829_025355,d0wd,B2,28:05:a5:2f:fa:48,T0+5000..6800 (T0+8120..9920 on night 2),1268,0.000956,0.000657,0.000475,-0.1054,3.7714,2.9927
heldout_window,1,20260829_025355,d0wd,B3,f4:2d:c9:70:72:30,T0+5000..6800 (T0+8120..9920 on night 2),1505,0.007354,0.000471,0.000340,-0.0745,4.5565,3.4223
heldout_window,1,20260829_025355,s3,B1,a4:f0:0f:77:91:20,T0+5000..6800 (T0+8120..9920 on night 2),1869,0.030876,0.002184,0.001385,-0.0736,5.4172,4.1424
heldout_window,1,20260829_025355,s3,B2,28:05:a5:2f:fa:48,T0+5000..6800 (T0+8120..9920 on night 2),2457,0.011608,0.000847,0.000583,-0.5957,7.7945,5.9621
heldout_window,1,20260829_025355,s3,B3,f4:2d:c9:70:72:30,T0+5000..6800 (T0+8120..9920 on night 2),2385,0.021479,0.001525,0.000963,-0.3585,6.9989,5.2624
heldout_window,2,20260830_013943,d0wd,B1,a4:f0:0f:77:91:20,T0+5000..6800 (T0+8120..9920 on night 2),1228,0.000902,0.001132,0.000841,0.0582,3.6971,2.7250
heldout_window,2,20260830_013943,d0wd,B2,28:05:a5:2f:fa:48,T0+5000..6800 (T0+8120..9920 on night 2),1360,0.006527,0.001049,0.000774,0.4276,4.2451,3.1660
heldout_window,2,20260830_013943,d0wd,B3,f4:2d:c9:70:72:30,T0+5000..6800 (T0+8120..9920 on night 2),341,0.079329,0.002448,0.001731,-0.0646,3.8620,2.8389
heldout_window,2,20260830_013943,s3,B1,a4:f0:0f:77:91:20,T0+5000..6800 (T0+8120..9920 on night 2),2428,0.015005,0.000739,0.000545,-0.0621,7.3945,5.3621
heldout_window,2,20260830_013943,s3,B2,28:05:a5:2f:fa:48,T0+5000..6800 (T0+8120..9920 on night 2),2014,0.024774,0.001369,0.000997,-0.1771,6.4908,4.7858
heldout_window,2,20260830_013943,s3,B3,f4:2d:c9:70:72:30,T0+5000..6800 (T0+8120..9920 on night 2),2477,0.020207,0.000614,0.000463,-0.2510,7.6074,5.5744
heldout_window,3,20260831_020408,d0wd,B2,28:05:a5:2f:fa:48,T0+5000..6800 (T0+8120..9920 on night 2),1782,0.004898,0.000750,0.000886,0.1887,5.9097,4.5708
heldout_window,3,20260831_020408,d0wd,B3,f4:2d:c9:70:72:30,T0+5000..6800 (T0+8120..9920 on night 2),1952,0.018344,0.001124,0.000885,0.3681,6.3012,4.5249
heldout_window,3,20260831_020408,s3,B2,28:05:a5:2f:fa:48,T0+5000..6800 (T0+8120..9920 on night 2),2467,0.011564,0.000684,0.000566,0.2868,8.9351,6.9301
heldout_window,3,20260831_020408,s3,B3,f4:2d:c9:70:72:30,T0+5000..6800 (T0+8120..9920 on night 2),2525,0.018309,0.000717,0.000502,0.0450,8.1490,5.7966
heldout_window,4,20260901_035805,d0wd,B1,a4:f0:0f:77:91:20,T0+5000..6800 (T0+8120..9920 on night 2),489,0.060337,0.002928,0.002368,0.0694,2.9251,2.2073
heldout_window,4,20260901_035805,d0wd,B2,28:05:a5:2f:fa:48,T0+5000..6800 (T0+8120..9920 on night 2),1379,0.002347,0.000948,0.000736,0.0706,4.4763,3.3410
heldout_window,4,20260901_035805,d0wd,B3,f4:2d:c9:70:72:30,T0+5000..6800 (T0+8120..9920 on night 2),1380,0.042708,0.002323,0.001805,-0.1795,4.3300,3.3394
heldout_window,4,20260901_035805,s3,B1,a4:f0:0f:77:91:20,T0+5000..6800 (T0+8120..9920 on night 2),2369,0.006231,0.000595,0.000450,0.3160,7.0847,5.3042
heldout_window,4,20260901_035805,s3,B2,28:05:a5:2f:fa:48,T0+5000..6800 (T0+8120..9920 on night 2),2237,0.012413,0.000790,0.000731,0.3345,6.9363,5.3490
heldout_window,4,20260901_035805,s3,B3,f4:2d:c9:70:72:30,T0+5000..6800 (T0+8120..9920 on night 2),2354,0.018125,0.000728,0.000610,0.4620,7.1206,5.2619
heldout_window,5,20260902_000949,d0wd,B1,a4:f0:0f:77:91:20,T0+5000..6800 (T0+8120..9920 on night 2),1307,0.003753,0.000797,0.000641,0.1089,3.8301,2.8871
heldout_window,5,20260902_000949,d0wd,B2,28:05:a5:2f:fa:48,T0+5000..6800 (T0+8120..9920 on night 2),1198,0.010619,0.001438,0.001021,0.0237,3.7439,2.7999
heldout_window,5,20260902_000949,d0wd,B3,f4:2d:c9:70:72:30,T0+5000..6800 (T0+8120..9920 on night 2),1328,0.010410,0.001054,0.000850,0.1111,4.0165,3.0101
heldout_window,5,20260902_000949,s3,B1,a4:f0:0f:77:91:20,T0+5000..6800 (T0+8120..9920 on night 2),2092,0.006999,0.000926,0.000692,0.1188,6.2823,4.6236
heldout_window,5,20260902_000949,s3,B2,28:05:a5:2f:fa:48,T0+5000..6800 (T0+8120..9920 on night 2),2189,0.008074,0.000786,0.000577,-0.5426,7.2777,5.4424
heldout_window,5,20260902_000949,s3,B3,f4:2d:c9:70:72:30,T0+5000..6800 (T0+8120..9920 on night 2),1894,0.003934,0.000910,0.000677,0.3230,5.8708,4.3441
heldout_window,6,20260903_013851,d0wd,B1,a4:f0:0f:77:91:20,T0+5000..6800 (T0+8120..9920 on night 2),1343,0.007373,0.000525,0.000402,0.1256,4.2239,3.0982
heldout_window,6,20260903_013851,d0wd,B2,28:05:a5:2f:fa:48,T0+5000..6800 (T0+8120..9920 on night 2),1340,0.002439,0.000617,0.000457,0.0617,4.3536,3.1580
heldout_window,6,20260903_013851,d0wd,B3,f4:2d:c9:70:72:30,T0+5000..6800 (T0+8120..9920 on night 2),1259,0.028136,0.000928,0.000683,0.1619,3.7781,2.8848
heldout_window,6,20260903_013851,s3,B1,a4:f0:0f:77:91:20,T0+5000..6800 (T0+8120..9920 on night 2),2244,0.005129,0.000699,0.000517,0.0234,6.4399,4.8463
heldout_window,6,20260903_013851,s3,B2,28:05:a5:2f:fa:48,T0+5000..6800 (T0+8120..9920 on night 2),2419,0.007066,0.000447,0.000337,-0.5717,7.6053,5.6393
heldout_window,6,20260903_013851,s3,B3,f4:2d:c9:70:72:30,T0+5000..6800 (T0+8120..9920 on night 2),2476,0.020521,0.000682,0.000517,-0.1858,7.6183,5.6713
heldout_window,7,20260904_010024,d0wd,B1,a4:f0:0f:77:91:20,T0+5000..6800 (T0+8120..9920 on night 2),566,0.036560,0.002401,0.001870,0.1807,2.5765,1.9545
heldout_window,7,20260904_010024,d0wd,B2,28:05:a5:2f:fa:48,T0+5000..6800 (T0+8120..9920 on night 2),1304,0.003830,0.000815,0.000589,0.0121,4.1504,3.0801
heldout_window,7,20260904_010024,d0wd,B3,f4:2d:c9:70:72:30,T0+5000..6800 (T0+8120..9920 on night 2),1762,0.006063,0.000398,0.000300,-0.1348,5.8866,4.2910
heldout_window,7,20260904_010024,s3,B1,a4:f0:0f:77:91:20,T0+5000..6800 (T0+8120..9920 on night 2),1522,0.018668,0.000864,0.000666,0.0040,5.8326,4.2405
heldout_window,7,20260904_010024,s3,B2,28:05:a5:2f:fa:48,T0+5000..6800 (T0+8120..9920 on night 2),2380,0.006725,0.000417,0.000319,-1.1083,8.0258,5.9720
heldout_window,7,20260904_010024,s3,B3,f4:2d:c9:70:72:30,T0+5000..6800 (T0+8120..9920 on night 2),2397,0.021850,0.000845,0.000627,0.6081,7.9195,5.9097
night8_block_T0+11400,8,20260905_025053,d0wd,B1,a4:f0:0f:77:91:20,T0+11400..11700,226,0.006233,0.000746,0.000546,0.1856,4.1721,2.9256
night8_block_T0+11400,8,20260905_025053,d0wd,B2,28:05:a5:2f:fa:48,T0+11400..11700,203,0.010659,0.001086,0.000876,0.2501,3.5001,2.7186
night8_block_T0+11400,8,20260905_025053,d0wd,B3,f4:2d:c9:70:72:30,T0+11400..11700,218,0.028917,0.002002,0.001469,0.6221,3.4897,2.9081
night8_block_T0+11400,8,20260905_025053,s3,B1,a4:f0:0f:77:91:20,T0+11400..11700,182,0.021689,0.002360,0.003185,0.3254,5.9457,4.3197
night8_block_T0+11400,8,20260905_025053,s3,B2,28:05:a5:2f:fa:48,T0+11400..11700,358,0.009772,0.000624,0.000480,-0.3554,6.8860,4.8161
night8_block_T0+11400,8,20260905_025053,s3,B3,f4:2d:c9:70:72:30,T0+11400..11700,372,0.011029,0.000633,0.000462,-1.6400,7.2275,4.9818
night8_block_T0+13200,8,20260905_025053,d0wd,B1,a4:f0:0f:77:91:20,T0+13200..13500,215,0.006457,0.001021,0.000680,0.1360,3.9079,2.8979
night8_block_T0+13200,8,20260905_025053,d0wd,B2,28:05:a5:2f:fa:48,T0+13200..13500,189,0.009476,0.001097,0.001331,-0.2448,3.7356,2.5112
night8_block_T0+13200,8,20260905_025053,d0wd,B3,f4:2d:c9:70:72:30,T0+13200..13500,247,0.028163,0.002474,0.002371,0.0840,4.4355,3.3572
night8_block_T0+13200,8,20260905_025053,s3,B1,a4:f0:0f:77:91:20,T0+13200..13500,215,0.023148,0.016944,0.012345,-0.3614,6.2819,4.1306
night8_block_T0+13200,8,20260905_025053,s3,B2,28:05:a5:2f:fa:48,T0+13200..13500,366,0.010577,0.000783,0.000746,-0.0464,6.1444,4.8356
night8_block_T0+13200,8,20260905_025053,s3,B3,f4:2d:c9:70:72:30,T0+13200..13500,389,0.011564,0.000766,0.000739,0.9541,6.8004,5.0936
night8_block_T0+15000,8,20260905_025053,d0wd,B1,a4:f0:0f:77:91:20,T0+15000..15300,225,0.006353,0.000845,0.000609,0.5543,4.0922,2.9471
night8_block_T0+15000,8,20260905_025053,d0wd,B2,28:05:a5:2f:fa:48,T0+15000..15300,198,0.011128,0.001138,0.000944,0.2767,3.7097,2.8461
night8_block_T0+15000,8,20260905_025053,d0wd,B3,f4:2d:c9:70:72:30,T0+15000..15300,225,0.026417,0.002765,0.001791,0.0591,4.3958,3.3964
night8_block_T0+15000,8,20260905_025053,s3,B1,a4:f0:0f:77:91:20,T0+15000..15300,195,0.021299,0.003061,0.006892,-0.1498,5.5123,4.4494
night8_block_T0+15000,8,20260905_025053,s3,B2,28:05:a5:2f:fa:48,T0+15000..15300,357,0.009759,0.000751,0.000577,-0.5902,6.4997,4.8015
night8_block_T0+15000,8,20260905_025053,s3,B3,f4:2d:c9:70:72:30,T0+15000..15300,376,0.011666,0.000658,0.000533,-0.1174,6.4656,4.9840
night8_block_T0+16800,8,20260905_025053,d0wd,B1,a4:f0:0f:77:91:20,T0+16800..17100,226,0.006263,0.000805,0.000558,0.2741,3.9832,2.9369
night8_block_T0+16800,8,20260905_025053,d0wd,B2,28:05:a5:2f:fa:48,T0+16800..17100,185,0.010393,0.001206,0.000858,0.1702,3.4018,2.4938
night8_block_T0+16800,8,20260905_025053,d0wd,B3,f4:2d:c9:70:72:30,T0+16800..17100,238,0.028140,0.001235,0.000977,-0.2322,4.2914,3.2593
night8_block_T0+16800,8,20260905_025053,s3,B1,a4:f0:0f:77:91:20,T0+16800..17100,198,0.022644,0.003461,0.005640,-0.6714,5.7059,4.0726
night8_block_T0+16800,8,20260905_025053,s3,B2,28:05:a5:2f:fa:48,T0+16800..17100,366,0.009982,0.000574,0.000448,-0.6095,7.7530,5.2619
night8_block_T0+16800,8,20260905_025053,s3,B3,f4:2d:c9:70:72:30,T0+16800..17100,384,0.011817,0.000585,0.000457,-0.5918,7.6001,5.3527
night8_block_T0+18600,8,20260905_025053,d0wd,B1,a4:f0:0f:77:91:20,T0+18600..18900,219,0.006269,0.000927,0.000666,0.0694,4.4562,2.8591
night8_block_T0+18600,8,20260905_025053,d0wd,B2,28:05:a5:2f:fa:48,T0+18600..18900,206,0.010007,0.001215,0.000893,-0.2333,3.8697,2.8572
night8_block_T0+18600,8,20260905_025053,d0wd,B3,f4:2d:c9:70:72:30,T0+18600..18900,228,0.027983,0.002007,0.001357,0.5621,4.1294,2.9745
night8_block_T0+18600,8,20260905_025053,s3,B1,a4:f0:0f:77:91:20,T0+18600..18900,187,0.026571,0.017822,0.009675,-0.0528,5.8757,4.1894
night8_block_T0+18600,8,20260905_025053,s3,B2,28:05:a5:2f:fa:48,T0+18600..18900,370,0.009159,0.000706,0.000515,0.5406,6.4252,4.9743
night8_block_T0+18600,8,20260905_025053,s3,B3,f4:2d:c9:70:72:30,T0+18600..18900,386,0.010895,0.000675,0.000481,-0.0467,7.4209,5.6393
night8_block_T0+20400,8,20260905_025053,d0wd,B1,a4:f0:0f:77:91:20,T0+20400..20700,190,0.010358,0.003370,0.004449,0.0941,2.9723,2.3509
night8_block_T0+20400,8,20260905_025053,d0wd,B2,28:05:a5:2f:fa:48,T0+20400..20700,212,0.009902,0.003406,0.003549,-0.2894,3.5142,2.7943
night8_block_T0+20400,8,20260905_025053,d0wd,B3,f4:2d:c9:70:72:30,T0+20400..20700,235,0.022453,0.006894,0.006352,0.0761,4.4244,3.5553
night8_block_T0+20400,8,20260905_025053,s3,B1,a4:f0:0f:77:91:20,T0+20400..20700,156,0.018070,0.003878,0.007953,-0.2666,5.2397,3.9676
night8_block_T0+20400,8,20260905_025053,s3,B2,28:05:a5:2f:fa:48,T0+20400..20700,316,0.008758,0.002745,0.002360,-0.3751,5.5157,4.4016
night8_block_T0+20400,8,20260905_025053,s3,B3,f4:2d:c9:70:72:30,T0+20400..20700,326,0.008481,0.001958,0.001538,-0.3585,7.0165,5.0341
night8_block_T0+22200,8,20260905_025053,d0wd,B1,a4:f0:0f:77:91:20,T0+22200..22500,67,0.016644,0.010571,0.014713,-0.2733,2.9974,2.5551
night8_block_T0+22200,8,20260905_025053,d0wd,B2,28:05:a5:2f:fa:48,T0+22200..22500,86,0.011449,0.005774,0.003839,0.0129,4.3812,3.2032
night8_block_T0+22200,8,20260905_025053,s3,B1,a4:f0:0f:77:91:20,T0+22200..22500,29,-0.023288,0.007630,0.022932,1.4372,5.6486,3.4874
night8_block_T0+22200,8,20260905_025053,s3,B2,28:05:a5:2f:fa:48,T0+22200..22500,99,0.013827,0.010646,0.006764,0.9002,5.9211,4.0298
night8_block_T0+2400,8,20260905_025053,d0wd,B1,a4:f0:0f:77:91:20,T0+2400..2700,235,0.006062,0.000869,0.000612,0.5095,4.4825,3.0510
night8_block_T0+2400,8,20260905_025053,d0wd,B2,28:05:a5:2f:fa:48,T0+2400..2700,196,0.009647,0.001055,0.000773,0.4023,3.0152,2.4198
night8_block_T0+2400,8,20260905_025053,d0wd,B3,f4:2d:c9:70:72:30,T0+2400..2700,220,0.029030,0.001502,0.001247,-0.2797,4.2576,3.1030
night8_block_T0+2400,8,20260905_025053,s3,B1,a4:f0:0f:77:91:20,T0+2400..2700,208,0.022808,0.003287,0.005235,-0.4502,5.2296,4.0285
night8_block_T0+2400,8,20260905_025053,s3,B2,28:05:a5:2f:fa:48,T0+2400..2700,367,0.010470,0.000586,0.000417,0.5121,7.4717,5.2653
night8_block_T0+2400,8,20260905_025053,s3,B3,f4:2d:c9:70:72:30,T0+2400..2700,390,0.010691,0.000585,0.000438,0.1461,8.1372,5.9119
night8_block_T0+4200,8,20260905_025053,d0wd,B1,a4:f0:0f:77:91:20,T0+4200..4500,220,0.005889,0.000785,0.000574,0.1257,4.0455,2.8433
night8_block_T0+4200,8,20260905_025053,d0wd,B2,28:05:a5:2f:fa:48,T0+4200..4500,186,0.008604,0.001044,0.000780,-0.2741,3.8861,2.8308
night8_block_T0+4200,8,20260905_025053,d0wd,B3,f4:2d:c9:70:72:30,T0+4200..4500,245,0.028453,0.001384,0.001030,-0.0310,4.5771,3.3577
night8_block_T0+4200,8,20260905_025053,s3,B1,a4:f0:0f:77:91:20,T0+4200..4500,211,0.022198,0.003006,0.003387,-0.2489,5.8382,4.4125
night8_block_T0+4200,8,20260905_025053,s3,B2,28:05:a5:2f:fa:48,T0+4200..4500,372,0.010538,0.000671,0.000495,-0.1126,6.7234,5.0868
night8_block_T0+4200,8,20260905_025053,s3,B3,f4:2d:c9:70:72:30,T0+4200..4500,386,0.010870,0.000604,0.000414,0.3708,6.9799,4.9463
night8_block_T0+600,8,20260905_025053,d0wd,B1,a4:f0:0f:77:91:20,T0+600..900,226,0.005949,0.000775,0.000598,0.1495,4.4454,2.9121
night8_block_T0+600,8,20260905_025053,d0wd,B2,28:05:a5:2f:fa:48,T0+600..900,188,0.009328,0.000859,0.000659,0.4337,3.4562,2.6893
night8_block_T0+600,8,20260905_025053,d0wd,B3,f4:2d:c9:70:72:30,T0+600..900,232,0.036282,0.002364,0.001661,0.0403,4.0108,3.1477
night8_block_T0+600,8,20260905_025053,s3,B1,a4:f0:0f:77:91:20,T0+600..900,198,0.022155,0.002620,0.003321,-0.3117,4.4552,3.8922
night8_block_T0+600,8,20260905_025053,s3,B2,28:05:a5:2f:fa:48,T0+600..900,363,0.010230,0.000562,0.000429,0.2491,7.1560,4.9215
night8_block_T0+600,8,20260905_025053,s3,B3,f4:2d:c9:70:72:30,T0+600..900,392,0.011045,0.000571,0.000438,0.6906,7.5031,5.3647
night8_block_T0+6000,8,20260905_025053,d0wd,B1,a4:f0:0f:77:91:20,T0+6000..6300,223,0.006134,0.000827,0.000580,-0.3886,3.7154,2.7124
night8_block_T0+6000,8,20260905_025053,d0wd,B2,28:05:a5:2f:fa:48,T0+6000..6300,203,0.009773,0.001078,0.000748,0.1743,4.4294,3.1644
night8_block_T0+6000,8,20260905_025053,d0wd,B3,f4:2d:c9:70:72:30,T0+6000..6300,226,0.027229,0.001318,0.001002,-0.9058,4.6351,3.2689
night8_block_T0+6000,8,20260905_025053,s3,B1,a4:f0:0f:77:91:20,T0+6000..6300,214,0.023019,0.003343,0.005818,-1.0855,5.5759,4.2091
night8_block_T0+6000,8,20260905_025053,s3,B2,28:05:a5:2f:fa:48,T0+6000..6300,378,0.009915,0.000598,0.000450,-0.3794,6.8034,4.8072
night8_block_T0+6000,8,20260905_025053,s3,B3,f4:2d:c9:70:72:30,T0+6000..6300,390,0.011042,0.000644,0.000435,-0.3071,6.9679,5.6563
night8_block_T0+7800,8,20260905_025053,d0wd,B1,a4:f0:0f:77:91:20,T0+7800..8100,229,0.006716,0.000706,0.000542,-0.2811,3.7989,2.8983
night8_block_T0+7800,8,20260905_025053,d0wd,B2,28:05:a5:2f:fa:48,T0+7800..8100,186,0.009739,0.000877,0.000633,-0.3764,3.4535,2.5553
night8_block_T0+7800,8,20260905_025053,d0wd,B3,f4:2d:c9:70:72:30,T0+7800..8100,236,0.028446,0.001478,0.001023,0.1832,4.5242,3.1607
night8_block_T0+7800,8,20260905_025053,s3,B1,a4:f0:0f:77:91:20,T0+7800..8100,208,0.021613,0.002597,0.004458,-0.7338,5.8601,4.3047
night8_block_T0+7800,8,20260905_025053,s3,B2,28:05:a5:2f:fa:48,T0+7800..8100,367,0.010376,0.000591,0.000452,-0.4167,6.6515,4.9467
night8_block_T0+7800,8,20260905_025053,s3,B3,f4:2d:c9:70:72:30,T0+7800..8100,384,0.011007,0.000637,0.000453,0.6254,6.5645,5.0645
night8_block_T0+9600,8,20260905_025053,d0wd,B1,a4:f0:0f:77:91:20,T0+9600..9900,225,0.006549,0.000705,0.000555,-0.5818,3.8231,2.8801
night8_block_T0+9600,8,20260905_025053,d0wd,B2,28:05:a5:2f:fa:48,T0+9600..9900,187,0.009932,0.001077,0.000783,-0.1490,3.2379,2.4983
night8_block_T0+9600,8,20260905_025053,d0wd,B3,f4:2d:c9:70:72:30,T0+9600..9900,241,0.027621,0.001585,0.001185,-1.0754,4.3025,3.3633
night8_block_T0+9600,8,20260905_025053,s3,B1,a4:f0:0f:77:91:20,T0+9600..9900,207,0.022712,0.003633,0.005695,-0.7785,5.0268,3.7733
night8_block_T0+9600,8,20260905_025053,s3,B2,28:05:a5:2f:fa:48,T0+9600..9900,372,0.010018,0.000607,0.000466,0.8234,5.9868,4.7598
night8_block_T0+9600,8,20260905_025053,s3,B3,f4:2d:c9:70:72:30,T0+9600..9900,388,0.011165,0.000613,0.000458,0.1841,7.0380,5.4638
scored_window,1,20260829_025355,d0wd,B1,a4:f0:0f:77:91:20,T0+2400..4700 (T0+5520..7820 on night 2),1425,0.024821,0.001527,0.001461,0.0285,3.5615,2.5706
scored_window,1,20260829_025355,d0wd,B2,28:05:a5:2f:fa:48,T0+2400..4700 (T0+5520..7820 on night 2),1623,0.000870,0.000616,0.000453,0.1527,4.2114,3.3331
scored_window,1,20260829_025355,d0wd,B3,f4:2d:c9:70:72:30,T0+2400..4700 (T0+5520..7820 on night 2),1942,0.007298,0.000460,0.000347,0.0565,4.7242,3.4641
scored_window,1,20260829_025355,s3,B1,a4:f0:0f:77:91:20,T0+2400..4700 (T0+5520..7820 on night 2),2421,0.031907,0.001345,0.000973,-0.0790,5.6722,4.2396
scored_window,1,20260829_025355,s3,B2,28:05:a5:2f:fa:48,T0+2400..4700 (T0+5520..7820 on night 2),3124,0.011610,0.001347,0.000791,0.1244,8.1946,6.0628
scored_window,1,20260829_025355,s3,B3,f4:2d:c9:70:72:30,T0+2400..4700 (T0+5520..7820 on night 2),3054,0.019733,0.000869,0.000630,0.2327,7.1949,5.3845
scored_window,2,20260830_013943,d0wd,B1,a4:f0:0f:77:91:20,T0+2400..4700 (T0+5520..7820 on night 2),1569,0.001221,0.001379,0.001098,-0.0928,3.5441,2.7213
scored_window,2,20260830_013943,d0wd,B2,28:05:a5:2f:fa:48,T0+2400..4700 (T0+5520..7820 on night 2),1741,0.006537,0.001454,0.001241,0.0393,4.3648,3.3041
scored_window,2,20260830_013943,d0wd,B3,f4:2d:c9:70:72:30,T0+2400..4700 (T0+5520..7820 on night 2),525,0.079407,0.002485,0.001949,-0.1244,4.2818,2.9287
scored_window,2,20260830_013943,s3,B1,a4:f0:0f:77:91:20,T0+2400..4700 (T0+5520..7820 on night 2),3111,0.015178,0.000927,0.000744,-0.0233,7.5703,5.4031
scored_window,2,20260830_013943,s3,B2,28:05:a5:2f:fa:48,T0+2400..4700 (T0+5520..7820 on night 2),2624,0.024856,0.001989,0.003727,-0.1229,6.5876,5.0128
scored_window,2,20260830_013943,s3,B3,f4:2d:c9:70:72:30,T0+2400..4700 (T0+5520..7820 on night 2),3183,0.020369,0.000677,0.000537,0.0748,7.5846,5.7586
scored_window,3,20260831_020408,d0wd,B2,28:05:a5:2f:fa:48,T0+2400..4700 (T0+5520..7820 on night 2),2280,0.004568,0.001029,0.000731,0.2622,6.0953,4.7691
scored_window,3,20260831_020408,d0wd,B3,f4:2d:c9:70:72:30,T0+2400..4700 (T0+5520..7820 on night 2),2551,0.017397,0.000729,0.000637,0.1507,6.5809,4.7302
scored_window,3,20260831_020408,s3,B2,28:05:a5:2f:fa:48,T0+2400..4700 (T0+5520..7820 on night 2),3143,0.011235,0.000919,0.000600,-0.1958,9.1256,7.0482
scored_window,3,20260831_020408,s3,B3,f4:2d:c9:70:72:30,T0+2400..4700 (T0+5520..7820 on night 2),3218,0.018902,0.000563,0.000413,-0.2892,7.5428,5.6964
scored_window,4,20260901_035805,d0wd,B1,a4:f0:0f:77:91:20,T0+2400..4700 (T0+5520..7820 on night 2),687,0.059799,0.002765,0.002913,-0.0096,3.1362,2.2950
scored_window,4,20260901_035805,d0wd,B2,28:05:a5:2f:fa:48,T0+2400..4700 (T0+5520..7820 on night 2),1834,0.002487,0.001065,0.000821,0.3886,4.6048,3.4071
scored_window,4,20260901_035805,d0wd,B3,f4:2d:c9:70:72:30,T0+2400..4700 (T0+5520..7820 on night 2),1542,0.044655,0.004731,0.003432,0.2203,4.1051,3.1995
scored_window,4,20260901_035805,s3,B1,a4:f0:0f:77:91:20,T0+2400..4700 (T0+5520..7820 on night 2),3013,0.006337,0.000626,0.000470,0.2051,6.9150,5.1975
scored_window,4,20260901_035805,s3,B2,28:05:a5:2f:fa:48,T0+2400..4700 (T0+5520..7820 on night 2),2791,0.012127,0.000798,0.000747,0.2078,7.3559,5.5870
scored_window,4,20260901_035805,s3,B3,f4:2d:c9:70:72:30,T0+2400..4700 (T0+5520..7820 on night 2),2968,0.018829,0.000810,0.000648,0.5027,6.7916,5.0832
scored_window,5,20260902_000949,d0wd,B1,a4:f0:0f:77:91:20,T0+2400..4700 (T0+5520..7820 on night 2),1659,0.003865,0.000868,0.000633,-0.1299,3.8343,2.8872
scored_window,5,20260902_000949,d0wd,B2,28:05:a5:2f:fa:48,T0+2400..4700 (T0+5520..7820 on night 2),1449,0.010760,0.002142,0.001648,0.1865,3.7131,2.7096
scored_window,5,20260902_000949,d0wd,B3,f4:2d:c9:70:72:30,T0+2400..4700 (T0+5520..7820 on night 2),1796,0.008707,0.002042,0.001303,-0.0954,4.2420,3.2689
scored_window,5,20260902_000949,s3,B1,a4:f0:0f:77:91:20,T0+2400..4700 (T0+5520..7820 on night 2),2635,0.007102,0.001005,0.000787,0.1295,6.0438,4.4557
scored_window,5,20260902_000949,s3,B2,28:05:a5:2f:fa:48,T0+2400..4700 (T0+5520..7820 on night 2),2788,0.007696,0.000954,0.000696,-0.1841,7.5466,5.5403
scored_window,5,20260902_000949,s3,B3,f4:2d:c9:70:72:30,T0+2400..4700 (T0+5520..7820 on night 2),2416,0.003818,0.001011,0.000855,0.1706,5.7595,4.3258
scored_window,6,20260903_013851,d0wd,B1,a4:f0:0f:77:91:20,T0+2400..4700 (T0+5520..7820 on night 2),1742,0.007527,0.000538,0.000399,-0.0029,4.2759,3.0965
scored_window,6,20260903_013851,d0wd,B2,28:05:a5:2f:fa:48,T0+2400..4700 (T0+5520..7820 on night 2),1700,0.002500,0.000671,0.000488,0.1532,4.0609,3.0265
scored_window,6,20260903_013851,d0wd,B3,f4:2d:c9:70:72:30,T0+2400..4700 (T0+5520..7820 on night 2),1590,0.028149,0.001125,0.000808,-0.2123,4.0041,2.8899
scored_window,6,20260903_013851,s3,B1,a4:f0:0f:77:91:20,T0+2400..4700 (T0+5520..7820 on night 2),2783,0.005355,0.000690,0.000519,-0.0500,6.6678,4.7723
scored_window,6,20260903_013851,s3,B2,28:05:a5:2f:fa:48,T0+2400..4700 (T0+5520..7820 on night 2),3036,0.007303,0.000565,0.000414,0.2491,8.8057,6.8812
scored_window,6,20260903_013851,s3,B3,f4:2d:c9:70:72:30,T0+2400..4700 (T0+5520..7820 on night 2),3157,0.020403,0.000722,0.000544,0.5076,7.4516,5.4919
scored_window,7,20260904_010024,d0wd,B1,a4:f0:0f:77:91:20,T0+2400..4700 (T0+5520..7820 on night 2),487,0.012008,0.021184,0.010974,-0.0309,3.3334,2.3326
scored_window,7,20260904_010024,d0wd,B2,28:05:a5:2f:fa:48,T0+2400..4700 (T0+5520..7820 on night 2),1899,0.003278,0.000874,0.000675,0.2102,4.8083,3.5960
scored_window,7,20260904_010024,d0wd,B3,f4:2d:c9:70:72:30,T0+2400..4700 (T0+5520..7820 on night 2),2544,0.006220,0.000412,0.000306,0.3720,6.0616,4.7173
scored_window,7,20260904_010024,s3,B1,a4:f0:0f:77:91:20,T0+2400..4700 (T0+5520..7820 on night 2),1069,0.009042,0.007106,0.004123,0.3463,5.9000,4.6883
scored_window,7,20260904_010024,s3,B2,28:05:a5:2f:fa:48,T0+2400..4700 (T0+5520..7820 on night 2),3037,0.006645,0.000477,0.000361,0.0701,8.0661,6.0200
scored_window,7,20260904_010024,s3,B3,f4:2d:c9:70:72:30,T0+2400..4700 (T0+5520..7820 on night 2),3022,0.022385,0.000938,0.000710,0.1433,7.3183,5.3707
