night,receiver,beacon,t1_s,t2_s,lag_hours,delta_sfo,sigma_between_unit_sd
1,d0wd,B1,600,3000,0.667,0.001076,0.45
1,d0wd,B1,600,5400,1.333,0.000967,0.41
1,d0wd,B1,600,7800,2.000,0.001606,0.68
1,d0wd,B1,600,10200,2.667,0.000996,0.42
1,d0wd,B1,600,12600,3.333,0.000026,0.01
1,d0wd,B1,600,15000,4.000,0.002261,0.95
1,d0wd,B1,600,17400,4.667,0.000964,0.41
1,d0wd,B1,3000,5400,0.667,0.000109,0.05
1,d0wd,B1,3000,7800,1.333,0.002682,1.13
1,d0wd,B1,3000,10200,2.000,0.002073,0.87
1,d0wd,B1,3000,12600,2.667,0.001102,0.47
1,d0wd,B1,3000,15000,3.333,0.003338,1.41
1,d0wd,B1,3000,17400,4.000,0.002040,0.86
1,d0wd,B1,5400,7800,0.667,0.002573,1.09
1,d0wd,B1,5400,10200,1.333,0.001964,0.83
1,d0wd,B1,5400,12600,2.000,0.000993,0.42
1,d0wd,B1,5400,15000,2.667,0.003229,1.36
1,d0wd,B1,5400,17400,3.333,0.001931,0.81
1,d0wd,B1,7800,10200,0.667,0.000609,0.26
1,d0wd,B1,7800,12600,1.333,0.001579,0.67
1,d0wd,B1,7800,15000,2.000,0.000656,0.28
1,d0wd,B1,7800,17400,2.667,0.000642,0.27
1,d0wd,B1,10200,12600,0.667,0.000970,0.41
1,d0wd,B1,10200,15000,1.333,0.001265,0.53
1,d0wd,B1,10200,17400,2.000,0.000033,0.01
1,d0wd,B1,12600,15000,0.667,0.002235,0.94
1,d0wd,B1,12600,17400,1.333,0.000938,0.40
1,d0wd,B1,15000,17400,0.667,0.001298,0.55
1,d0wd,B2,600,3000,0.667,0.000335,0.14
1,d0wd,B2,600,5400,1.333,0.000105,0.04
1,d0wd,B2,600,7800,2.000,0.000095,0.04
1,d0wd,B2,600,10200,2.667,0.000665,0.28
1,d0wd,B2,600,12600,3.333,0.000647,0.27
1,d0wd,B2,600,15000,4.000,0.000608,0.26
1,d0wd,B2,600,17400,4.667,0.000361,0.15
1,d0wd,B2,3000,5400,0.667,0.000230,0.10
1,d0wd,B2,3000,7800,1.333,0.000240,0.10
1,d0wd,B2,3000,10200,2.000,0.000329,0.14
1,d0wd,B2,3000,12600,2.667,0.000312,0.13
1,d0wd,B2,3000,15000,3.333,0.000272,0.11
1,d0wd,B2,3000,17400,4.000,0.000026,0.01
1,d0wd,B2,5400,7800,0.667,0.000010,0.00
1,d0wd,B2,5400,10200,1.333,0.000559,0.24
1,d0wd,B2,5400,12600,2.000,0.000542,0.23
1,d0wd,B2,5400,15000,2.667,0.000502,0.21
1,d0wd,B2,5400,17400,3.333,0.000256,0.11
1,d0wd,B2,7800,10200,0.667,0.000569,0.24
1,d0wd,B2,7800,12600,1.333,0.000552,0.23
1,d0wd,B2,7800,15000,2.000,0.000512,0.22
1,d0wd,B2,7800,17400,2.667,0.000266,0.11
1,d0wd,B2,10200,12600,0.667,0.000018,0.01
1,d0wd,B2,10200,15000,1.333,0.000057,0.02
1,d0wd,B2,10200,17400,2.000,0.000304,0.13
1,d0wd,B2,12600,15000,0.667,0.000039,0.02
1,d0wd,B2,12600,17400,1.333,0.000286,0.12
1,d0wd,B2,15000,17400,0.667,0.000247,0.10
1,d0wd,B3,600,3000,0.667,0.001082,0.46
1,d0wd,B3,600,5400,1.333,0.001106,0.47
1,d0wd,B3,600,7800,2.000,0.000991,0.42
1,d0wd,B3,600,10200,2.667,0.001433,0.60
1,d0wd,B3,600,12600,3.333,0.001527,0.64
1,d0wd,B3,600,15000,4.000,0.001393,0.59
1,d0wd,B3,600,17400,4.667,0.001479,0.62
1,d0wd,B3,3000,5400,0.667,0.000024,0.01
1,d0wd,B3,3000,7800,1.333,0.000092,0.04
1,d0wd,B3,3000,10200,2.000,0.000350,0.15
1,d0wd,B3,3000,12600,2.667,0.000445,0.19
1,d0wd,B3,3000,15000,3.333,0.000311,0.13
1,d0wd,B3,3000,17400,4.000,0.000397,0.17
1,d0wd,B3,5400,7800,0.667,0.000116,0.05
1,d0wd,B3,5400,10200,1.333,0.000326,0.14
1,d0wd,B3,5400,12600,2.000,0.000421,0.18
1,d0wd,B3,5400,15000,2.667,0.000287,0.12
1,d0wd,B3,5400,17400,3.333,0.000372,0.16
1,d0wd,B3,7800,10200,0.667,0.000442,0.19
1,d0wd,B3,7800,12600,1.333,0.000537,0.23
1,d0wd,B3,7800,15000,2.000,0.000403,0.17
1,d0wd,B3,7800,17400,2.667,0.000488,0.21
1,d0wd,B3,10200,12600,0.667,0.000095,0.04
1,d0wd,B3,10200,15000,1.333,0.000039,0.02
1,d0wd,B3,10200,17400,2.000,0.000046,0.02
1,d0wd,B3,12600,15000,0.667,0.000134,0.06
1,d0wd,B3,12600,17400,1.333,0.000049,0.02
1,d0wd,B3,15000,17400,0.667,0.000085,0.04
1,s3,B1,600,3000,0.667,0.003888,1.64
1,s3,B1,600,5400,1.333,0.003557,1.50
1,s3,B1,600,7800,2.000,0.003506,1.48
1,s3,B1,600,10200,2.667,0.006425,2.71
1,s3,B1,600,12600,3.333,0.006494,2.74
1,s3,B1,600,15000,4.000,0.002631,1.11
1,s3,B1,600,17400,4.667,0.003062,1.29
1,s3,B1,3000,5400,0.667,0.000331,0.14
1,s3,B1,3000,7800,1.333,0.000382,0.16
1,s3,B1,3000,10200,2.000,0.002537,1.07
1,s3,B1,3000,12600,2.667,0.002607,1.10
1,s3,B1,3000,15000,3.333,0.001257,0.53
1,s3,B1,3000,17400,4.000,0.000825,0.35
1,s3,B1,5400,7800,0.667,0.000051,0.02
1,s3,B1,5400,10200,1.333,0.002868,1.21
1,s3,B1,5400,12600,2.000,0.002938,1.24
1,s3,B1,5400,15000,2.667,0.000926,0.39
1,s3,B1,5400,17400,3.333,0.000495,0.21
1,s3,B1,7800,10200,0.667,0.002919,1.23
1,s3,B1,7800,12600,1.333,0.002989,1.26
1,s3,B1,7800,15000,2.000,0.000875,0.37
1,s3,B1,7800,17400,2.667,0.000444,0.19
1,s3,B1,10200,12600,0.667,0.000069,0.03
1,s3,B1,10200,15000,1.333,0.003794,1.60
1,s3,B1,10200,17400,2.000,0.003363,1.42
1,s3,B1,12600,15000,0.667,0.003863,1.63
1,s3,B1,12600,17400,1.333,0.003432,1.45
1,s3,B1,15000,17400,0.667,0.000431,0.18
1,s3,B2,600,3000,0.667,0.002019,0.85
1,s3,B2,600,5400,1.333,0.000723,0.30
1,s3,B2,600,7800,2.000,0.001008,0.43
1,s3,B2,600,10200,2.667,0.001804,0.76
1,s3,B2,600,12600,3.333,0.000520,0.22
1,s3,B2,600,15000,4.000,0.001226,0.52
1,s3,B2,600,17400,4.667,0.001769,0.75
1,s3,B2,3000,5400,0.667,0.001296,0.55
1,s3,B2,3000,7800,1.333,0.001011,0.43
1,s3,B2,3000,10200,2.000,0.000215,0.09
1,s3,B2,3000,12600,2.667,0.001498,0.63
1,s3,B2,3000,15000,3.333,0.000792,0.33
1,s3,B2,3000,17400,4.000,0.000250,0.11
1,s3,B2,5400,7800,0.667,0.000285,0.12
1,s3,B2,5400,10200,1.333,0.001081,0.46
1,s3,B2,5400,12600,2.000,0.000202,0.09
1,s3,B2,5400,15000,2.667,0.000504,0.21
1,s3,B2,5400,17400,3.333,0.001046,0.44
1,s3,B2,7800,10200,0.667,0.000796,0.34
1,s3,B2,7800,12600,1.333,0.000487,0.21
1,s3,B2,7800,15000,2.000,0.000219,0.09
1,s3,B2,7800,17400,2.667,0.000761,0.32
1,s3,B2,10200,12600,0.667,0.001283,0.54
1,s3,B2,10200,15000,1.333,0.000577,0.24
1,s3,B2,10200,17400,2.000,0.000035,0.01
1,s3,B2,12600,15000,0.667,0.000706,0.30
1,s3,B2,12600,17400,1.333,0.001248,0.53
1,s3,B2,15000,17400,0.667,0.000542,0.23
1,s3,B3,600,3000,0.667,0.004114,1.74
1,s3,B3,600,5400,1.333,0.005217,2.20
1,s3,B3,600,7800,2.000,0.006584,2.78
1,s3,B3,600,10200,2.667,0.007955,3.36
1,s3,B3,600,12600,3.333,0.007195,3.04
1,s3,B3,600,15000,4.000,0.006846,2.89
1,s3,B3,600,17400,4.667,0.006662,2.81
1,s3,B3,3000,5400,0.667,0.001104,0.47
1,s3,B3,3000,7800,1.333,0.002471,1.04
1,s3,B3,3000,10200,2.000,0.003842,1.62
1,s3,B3,3000,12600,2.667,0.003081,1.30
1,s3,B3,3000,15000,3.333,0.002733,1.15
1,s3,B3,3000,17400,4.000,0.002548,1.08
1,s3,B3,5400,7800,0.667,0.001367,0.58
1,s3,B3,5400,10200,1.333,0.002738,1.16
1,s3,B3,5400,12600,2.000,0.001978,0.83
1,s3,B3,5400,15000,2.667,0.001629,0.69
1,s3,B3,5400,17400,3.333,0.001444,0.61
1,s3,B3,7800,10200,0.667,0.001371,0.58
1,s3,B3,7800,12600,1.333,0.000611,0.26
1,s3,B3,7800,15000,2.000,0.000262,0.11
1,s3,B3,7800,17400,2.667,0.000077,0.03
1,s3,B3,10200,12600,0.667,0.000760,0.32
1,s3,B3,10200,15000,1.333,0.001109,0.47
1,s3,B3,10200,17400,2.000,0.001294,0.55
1,s3,B3,12600,15000,0.667,0.000349,0.15
1,s3,B3,12600,17400,1.333,0.000533,0.23
1,s3,B3,15000,17400,0.667,0.000185,0.08
4,d0wd,B1,600,2400,0.500,0.000250,0.11
4,d0wd,B1,600,4200,1.000,0.001486,0.63
4,d0wd,B1,600,6000,1.500,0.000879,0.37
4,d0wd,B1,600,7800,2.000,0.001739,0.73
4,d0wd,B1,600,9600,2.500,0.005606,2.37
4,d0wd,B1,600,11400,3.000,0.001693,0.71
4,d0wd,B1,600,13200,3.500,0.050759,21.42
4,d0wd,B1,600,15000,4.000,0.003849,1.62
4,d0wd,B1,600,16800,4.500,0.001015,0.43
4,d0wd,B1,600,18600,5.000,0.031662,13.36
4,d0wd,B1,600,20400,5.500,0.050868,21.46
4,d0wd,B1,2400,4200,0.500,0.001235,0.52
4,d0wd,B1,2400,6000,1.000,0.000629,0.27
4,d0wd,B1,2400,7800,1.500,0.001990,0.84
4,d0wd,B1,2400,9600,2.000,0.005356,2.26
4,d0wd,B1,2400,11400,2.500,0.001442,0.61
4,d0wd,B1,2400,13200,3.000,0.050509,21.31
4,d0wd,B1,2400,15000,3.500,0.003598,1.52
4,d0wd,B1,2400,16800,4.000,0.000765,0.32
4,d0wd,B1,2400,18600,4.500,0.031412,13.25
4,d0wd,B1,2400,20400,5.000,0.050617,21.36
4,d0wd,B1,4200,6000,0.500,0.000606,0.26
4,d0wd,B1,4200,7800,1.000,0.003225,1.36
4,d0wd,B1,4200,9600,1.500,0.004121,1.74
4,d0wd,B1,4200,11400,2.000,0.000207,0.09
4,d0wd,B1,4200,13200,2.500,0.049273,20.79
4,d0wd,B1,4200,15000,3.000,0.002363,1.00
4,d0wd,B1,4200,16800,3.500,0.000471,0.20
4,d0wd,B1,4200,18600,4.000,0.030177,12.73
4,d0wd,B1,4200,20400,4.500,0.049382,20.84
4,d0wd,B1,6000,7800,0.500,0.002619,1.10
4,d0wd,B1,6000,9600,1.000,0.004727,1.99
4,d0wd,B1,6000,11400,1.500,0.000813,0.34
4,d0wd,B1,6000,13200,2.000,0.049880,21.05
4,d0wd,B1,6000,15000,2.500,0.002969,1.25
4,d0wd,B1,6000,16800,3.000,0.000136,0.06
4,d0wd,B1,6000,18600,3.500,0.030783,12.99
4,d0wd,B1,6000,20400,4.000,0.049988,21.09
4,d0wd,B1,7800,9600,0.500,0.007345,3.10
4,d0wd,B1,7800,11400,1.000,0.003432,1.45
4,d0wd,B1,7800,13200,1.500,0.052498,22.15
4,d0wd,B1,7800,15000,2.000,0.005588,2.36
4,d0wd,B1,7800,16800,2.500,0.002754,1.16
4,d0wd,B1,7800,18600,3.000,0.033401,14.09
4,d0wd,B1,7800,20400,3.500,0.052607,22.20
4,d0wd,B1,9600,11400,0.500,0.003913,1.65
4,d0wd,B1,9600,13200,1.000,0.045153,19.05
4,d0wd,B1,9600,15000,1.500,0.001758,0.74
4,d0wd,B1,9600,16800,2.000,0.004591,1.94
4,d0wd,B1,9600,18600,2.500,0.026056,10.99
4,d0wd,B1,9600,20400,3.000,0.045262,19.10
4,d0wd,B1,11400,13200,0.500,0.049066,20.70
4,d0wd,B1,11400,15000,1.000,0.002156,0.91
4,d0wd,B1,11400,16800,1.500,0.000678,0.29
4,d0wd,B1,11400,18600,2.000,0.029969,12.65
4,d0wd,B1,11400,20400,2.500,0.049175,20.75
4,d0wd,B1,13200,15000,0.500,0.046911,19.79
4,d0wd,B1,13200,16800,1.000,0.049744,20.99
4,d0wd,B1,13200,18600,1.500,0.019097,8.06
4,d0wd,B1,13200,20400,2.000,0.000109,0.05
4,d0wd,B1,15000,16800,0.500,0.002833,1.20
4,d0wd,B1,15000,18600,1.000,0.027814,11.74
4,d0wd,B1,15000,20400,1.500,0.047019,19.84
4,d0wd,B1,16800,18600,0.500,0.030647,12.93
4,d0wd,B1,16800,20400,1.000,0.049853,21.03
4,d0wd,B1,18600,20400,0.500,0.019206,8.10
4,d0wd,B2,600,2400,0.500,0.000267,0.11
4,d0wd,B2,600,4200,1.000,0.000091,0.04
4,d0wd,B2,600,6000,1.500,0.000086,0.04
4,d0wd,B2,600,7800,2.000,0.000267,0.11
4,d0wd,B2,600,9600,2.500,0.000436,0.18
4,d0wd,B2,600,11400,3.000,0.000350,0.15
4,d0wd,B2,600,13200,3.500,0.009105,3.84
4,d0wd,B2,600,15000,4.000,0.009037,3.81
4,d0wd,B2,600,16800,4.500,0.000764,0.32
4,d0wd,B2,600,18600,5.000,0.007600,3.21
4,d0wd,B2,600,20400,5.500,0.001612,0.68
4,d0wd,B2,600,22200,6.000,0.000256,0.11
4,d0wd,B2,600,24000,6.500,0.003184,1.34
4,d0wd,B2,600,27600,7.500,0.000391,0.16
4,d0wd,B2,600,31200,8.500,0.006524,2.75
4,d0wd,B2,600,34800,9.500,0.001931,0.81
4,d0wd,B2,600,38400,10.500,0.007909,3.34
4,d0wd,B2,600,42000,11.500,0.002704,1.14
4,d0wd,B2,600,45600,12.500,0.004958,2.09
4,d0wd,B2,600,49200,13.500,0.001425,0.60
4,d0wd,B2,600,52800,14.500,0.000174,0.07
4,d0wd,B2,600,56400,15.500,0.000725,0.31
4,d0wd,B2,600,60000,16.500,0.000226,0.10
4,d0wd,B2,600,63600,17.500,0.000524,0.22
4,d0wd,B2,600,67200,18.500,0.000945,0.40
4,d0wd,B2,600,70800,19.500,0.017021,7.18
4,d0wd,B2,2400,4200,0.500,0.000357,0.15
4,d0wd,B2,2400,6000,1.000,0.000353,0.15
4,d0wd,B2,2400,7800,1.500,0.000000,0.00
4,d0wd,B2,2400,9600,2.000,0.000702,0.30
4,d0wd,B2,2400,11400,2.500,0.000083,0.04
4,d0wd,B2,2400,13200,3.000,0.009372,3.95
4,d0wd,B2,2400,15000,3.500,0.009304,3.93
4,d0wd,B2,2400,16800,4.000,0.001030,0.43
4,d0wd,B2,2400,18600,4.500,0.007867,3.32
4,d0wd,B2,2400,20400,5.000,0.001879,0.79
4,d0wd,B2,2400,22200,5.500,0.000523,0.22
4,d0wd,B2,2400,24000,6.000,0.003451,1.46
4,d0wd,B2,2400,27600,7.000,0.000658,0.28
4,d0wd,B2,2400,31200,8.000,0.006791,2.87
4,d0wd,B2,2400,34800,9.000,0.002198,0.93
4,d0wd,B2,2400,38400,10.000,0.008175,3.45
4,d0wd,B2,2400,42000,11.000,0.002971,1.25
4,d0wd,B2,2400,45600,12.000,0.005225,2.20
4,d0wd,B2,2400,49200,13.000,0.001692,0.71
4,d0wd,B2,2400,52800,14.000,0.000441,0.19
4,d0wd,B2,2400,56400,15.000,0.000992,0.42
4,d0wd,B2,2400,60000,16.000,0.000493,0.21
4,d0wd,B2,2400,63600,17.000,0.000791,0.33
4,d0wd,B2,2400,67200,18.000,0.001212,0.51
4,d0wd,B2,2400,70800,19.000,0.017287,7.29
4,d0wd,B2,4200,6000,0.500,0.000004,0.00
4,d0wd,B2,4200,7800,1.000,0.000357,0.15
4,d0wd,B2,4200,9600,1.500,0.000345,0.15
4,d0wd,B2,4200,11400,2.000,0.000441,0.19
4,d0wd,B2,4200,13200,2.500,0.009015,3.80
4,d0wd,B2,4200,15000,3.000,0.008947,3.78
4,d0wd,B2,4200,16800,3.500,0.000673,0.28
4,d0wd,B2,4200,18600,4.000,0.007509,3.17
4,d0wd,B2,4200,20400,4.500,0.001521,0.64
4,d0wd,B2,4200,22200,5.000,0.000165,0.07
4,d0wd,B2,4200,24000,5.500,0.003094,1.31
4,d0wd,B2,4200,27600,6.500,0.000300,0.13
4,d0wd,B2,4200,31200,7.500,0.006433,2.71
4,d0wd,B2,4200,34800,8.500,0.001841,0.78
4,d0wd,B2,4200,38400,9.500,0.007818,3.30
4,d0wd,B2,4200,42000,10.500,0.002614,1.10
4,d0wd,B2,4200,45600,11.500,0.004868,2.05
4,d0wd,B2,4200,49200,12.500,0.001334,0.56
4,d0wd,B2,4200,52800,13.500,0.000084,0.04
4,d0wd,B2,4200,56400,14.500,0.000634,0.27
4,d0wd,B2,4200,60000,15.500,0.000135,0.06
4,d0wd,B2,4200,63600,16.500,0.000433,0.18
4,d0wd,B2,4200,67200,17.500,0.000854,0.36
4,d0wd,B2,4200,70800,18.500,0.016930,7.14
4,d0wd,B2,6000,7800,0.500,0.000353,0.15
4,d0wd,B2,6000,9600,1.000,0.000349,0.15
4,d0wd,B2,6000,11400,1.500,0.000437,0.18
4,d0wd,B2,6000,13200,2.000,0.009019,3.81
4,d0wd,B2,6000,15000,2.500,0.008951,3.78
4,d0wd,B2,6000,16800,3.000,0.000677,0.29
4,d0wd,B2,6000,18600,3.500,0.007514,3.17
4,d0wd,B2,6000,20400,4.000,0.001525,0.64
4,d0wd,B2,6000,22200,4.500,0.000170,0.07
4,d0wd,B2,6000,24000,5.000,0.003098,1.31
4,d0wd,B2,6000,27600,6.000,0.000305,0.13
4,d0wd,B2,6000,31200,7.000,0.006437,2.72
4,d0wd,B2,6000,34800,8.000,0.001845,0.78
4,d0wd,B2,6000,38400,9.000,0.007822,3.30
4,d0wd,B2,6000,42000,10.000,0.002618,1.10
4,d0wd,B2,6000,45600,11.000,0.004872,2.06
4,d0wd,B2,6000,49200,12.000,0.001339,0.56
4,d0wd,B2,6000,52800,13.000,0.000088,0.04
4,d0wd,B2,6000,56400,14.000,0.000638,0.27
4,d0wd,B2,6000,60000,15.000,0.000139,0.06
4,d0wd,B2,6000,63600,16.000,0.000438,0.18
4,d0wd,B2,6000,67200,17.000,0.000859,0.36
4,d0wd,B2,6000,70800,18.000,0.016934,7.15
4,d0wd,B2,7800,9600,0.500,0.000702,0.30
4,d0wd,B2,7800,11400,1.000,0.000084,0.04
4,d0wd,B2,7800,13200,1.500,0.009372,3.95
4,d0wd,B2,7800,15000,2.000,0.009304,3.93
4,d0wd,B2,7800,16800,2.500,0.001030,0.43
4,d0wd,B2,7800,18600,3.000,0.007867,3.32
4,d0wd,B2,7800,20400,3.500,0.001878,0.79
4,d0wd,B2,7800,22200,4.000,0.000523,0.22
4,d0wd,B2,7800,24000,4.500,0.003451,1.46
4,d0wd,B2,7800,27600,5.500,0.000657,0.28
4,d0wd,B2,7800,31200,6.500,0.006790,2.87
4,d0wd,B2,7800,34800,7.500,0.002198,0.93
4,d0wd,B2,7800,38400,8.500,0.008175,3.45
4,d0wd,B2,7800,42000,9.500,0.002971,1.25
4,d0wd,B2,7800,45600,10.500,0.005225,2.20
4,d0wd,B2,7800,49200,11.500,0.001692,0.71
4,d0wd,B2,7800,52800,12.500,0.000441,0.19
4,d0wd,B2,7800,56400,13.500,0.000991,0.42
4,d0wd,B2,7800,60000,14.500,0.000492,0.21
4,d0wd,B2,7800,63600,15.500,0.000791,0.33
4,d0wd,B2,7800,67200,16.500,0.001212,0.51
4,d0wd,B2,7800,70800,17.500,0.017287,7.29
4,d0wd,B2,9600,11400,0.500,0.000786,0.33
4,d0wd,B2,9600,13200,1.000,0.008670,3.66
4,d0wd,B2,9600,15000,1.500,0.008602,3.63
4,d0wd,B2,9600,16800,2.000,0.000328,0.14
4,d0wd,B2,9600,18600,2.500,0.007164,3.02
4,d0wd,B2,9600,20400,3.000,0.001176,0.50
4,d0wd,B2,9600,22200,3.500,0.000180,0.08
4,d0wd,B2,9600,24000,4.000,0.002749,1.16
4,d0wd,B2,9600,27600,5.000,0.000045,0.02
4,d0wd,B2,9600,31200,6.000,0.006088,2.57
4,d0wd,B2,9600,34800,7.000,0.001495,0.63
4,d0wd,B2,9600,38400,8.000,0.007473,3.15
4,d0wd,B2,9600,42000,9.000,0.002269,0.96
4,d0wd,B2,9600,45600,10.000,0.004523,1.91
4,d0wd,B2,9600,49200,11.000,0.000989,0.42
4,d0wd,B2,9600,52800,12.000,0.000261,0.11
4,d0wd,B2,9600,56400,13.000,0.000289,0.12
4,d0wd,B2,9600,60000,14.000,0.000210,0.09
4,d0wd,B2,9600,63600,15.000,0.000088,0.04
4,d0wd,B2,9600,67200,16.000,0.000509,0.21
4,d0wd,B2,9600,70800,17.000,0.016585,7.00
4,d0wd,B2,11400,13200,0.500,0.009456,3.99
4,d0wd,B2,11400,15000,1.000,0.009388,3.96
4,d0wd,B2,11400,16800,1.500,0.001114,0.47
4,d0wd,B2,11400,18600,2.000,0.007950,3.35
4,d0wd,B2,11400,20400,2.500,0.001962,0.83
4,d0wd,B2,11400,22200,3.000,0.000606,0.26
4,d0wd,B2,11400,24000,3.500,0.003535,1.49
4,d0wd,B2,11400,27600,4.500,0.000741,0.31
4,d0wd,B2,11400,31200,5.500,0.006874,2.90
4,d0wd,B2,11400,34800,6.500,0.002281,0.96
4,d0wd,B2,11400,38400,7.500,0.008259,3.48
4,d0wd,B2,11400,42000,8.500,0.003055,1.29
4,d0wd,B2,11400,45600,9.500,0.005309,2.24
4,d0wd,B2,11400,49200,10.500,0.001775,0.75
4,d0wd,B2,11400,52800,11.500,0.000524,0.22
4,d0wd,B2,11400,56400,12.500,0.001075,0.45
4,d0wd,B2,11400,60000,13.500,0.000576,0.24
4,d0wd,B2,11400,63600,14.500,0.000874,0.37
4,d0wd,B2,11400,67200,15.500,0.001295,0.55
4,d0wd,B2,11400,70800,16.500,0.017371,7.33
4,d0wd,B2,13200,15000,0.500,0.000068,0.03
4,d0wd,B2,13200,16800,1.000,0.008342,3.52
4,d0wd,B2,13200,18600,1.500,0.001505,0.64
4,d0wd,B2,13200,20400,2.000,0.007494,3.16
4,d0wd,B2,13200,22200,2.500,0.008849,3.73
4,d0wd,B2,13200,24000,3.000,0.005921,2.50
4,d0wd,B2,13200,27600,4.000,0.008715,3.68
4,d0wd,B2,13200,31200,5.000,0.002582,1.09
4,d0wd,B2,13200,34800,6.000,0.007174,3.03
4,d0wd,B2,13200,38400,7.000,0.001197,0.51
4,d0wd,B2,13200,42000,8.000,0.006401,2.70
4,d0wd,B2,13200,45600,9.000,0.004147,1.75
4,d0wd,B2,13200,49200,10.000,0.007680,3.24
4,d0wd,B2,13200,52800,11.000,0.008931,3.77
4,d0wd,B2,13200,56400,12.000,0.008381,3.54
4,d0wd,B2,13200,60000,13.000,0.008880,3.75
4,d0wd,B2,13200,63600,14.000,0.008581,3.62
4,d0wd,B2,13200,67200,15.000,0.008160,3.44
4,d0wd,B2,13200,70800,16.000,0.007915,3.34
4,d0wd,B2,15000,16800,0.500,0.008274,3.49
4,d0wd,B2,15000,18600,1.000,0.001437,0.61
4,d0wd,B2,15000,20400,1.500,0.007426,3.13
4,d0wd,B2,15000,22200,2.000,0.008781,3.71
4,d0wd,B2,15000,24000,2.500,0.005853,2.47
4,d0wd,B2,15000,27600,3.500,0.008647,3.65
4,d0wd,B2,15000,31200,4.500,0.002514,1.06
4,d0wd,B2,15000,34800,5.500,0.007106,3.00
4,d0wd,B2,15000,38400,6.500,0.001129,0.48
4,d0wd,B2,15000,42000,7.500,0.006333,2.67
4,d0wd,B2,15000,45600,8.500,0.004079,1.72
4,d0wd,B2,15000,49200,9.500,0.007612,3.21
4,d0wd,B2,15000,52800,10.500,0.008863,3.74
4,d0wd,B2,15000,56400,11.500,0.008313,3.51
4,d0wd,B2,15000,60000,12.500,0.008812,3.72
4,d0wd,B2,15000,63600,13.500,0.008513,3.59
4,d0wd,B2,15000,67200,14.500,0.008092,3.41
4,d0wd,B2,15000,70800,15.500,0.007983,3.37
4,d0wd,B2,16800,18600,0.500,0.006837,2.88
4,d0wd,B2,16800,20400,1.000,0.000848,0.36
4,d0wd,B2,16800,22200,1.500,0.000508,0.21
4,d0wd,B2,16800,24000,2.000,0.002421,1.02
4,d0wd,B2,16800,27600,3.000,0.000373,0.16
4,d0wd,B2,16800,31200,4.000,0.005760,2.43
4,d0wd,B2,16800,34800,5.000,0.001168,0.49
4,d0wd,B2,16800,38400,6.000,0.007145,3.01
4,d0wd,B2,16800,42000,7.000,0.001941,0.82
4,d0wd,B2,16800,45600,8.000,0.004195,1.77
4,d0wd,B2,16800,49200,9.000,0.000661,0.28
4,d0wd,B2,16800,52800,10.000,0.000589,0.25
4,d0wd,B2,16800,56400,11.000,0.000039,0.02
4,d0wd,B2,16800,60000,12.000,0.000538,0.23
4,d0wd,B2,16800,63600,13.000,0.000240,0.10
4,d0wd,B2,16800,67200,14.000,0.000181,0.08
4,d0wd,B2,16800,70800,15.000,0.016257,6.86
4,d0wd,B2,18600,20400,0.500,0.005988,2.53
4,d0wd,B2,18600,22200,1.000,0.007344,3.10
4,d0wd,B2,18600,24000,1.500,0.004416,1.86
4,d0wd,B2,18600,27600,2.500,0.007209,3.04
4,d0wd,B2,18600,31200,3.500,0.001076,0.45
4,d0wd,B2,18600,34800,4.500,0.005669,2.39
4,d0wd,B2,18600,38400,5.500,0.000308,0.13
4,d0wd,B2,18600,42000,6.500,0.004896,2.07
4,d0wd,B2,18600,45600,7.500,0.002642,1.11
4,d0wd,B2,18600,49200,8.500,0.006175,2.61
4,d0wd,B2,18600,52800,9.500,0.007426,3.13
4,d0wd,B2,18600,56400,10.500,0.006875,2.90
4,d0wd,B2,18600,60000,11.500,0.007374,3.11
4,d0wd,B2,18600,63600,12.500,0.007076,2.99
4,d0wd,B2,18600,67200,13.500,0.006655,2.81
4,d0wd,B2,18600,70800,14.500,0.009420,3.97
4,d0wd,B2,20400,22200,0.500,0.001356,0.57
4,d0wd,B2,20400,24000,1.000,0.001573,0.66
4,d0wd,B2,20400,27600,2.000,0.001221,0.52
4,d0wd,B2,20400,31200,3.000,0.004912,2.07
4,d0wd,B2,20400,34800,4.000,0.000319,0.13
4,d0wd,B2,20400,38400,5.000,0.006297,2.66
4,d0wd,B2,20400,42000,6.000,0.001093,0.46
4,d0wd,B2,20400,45600,7.000,0.003347,1.41
4,d0wd,B2,20400,49200,8.000,0.000187,0.08
4,d0wd,B2,20400,52800,9.000,0.001438,0.61
4,d0wd,B2,20400,56400,10.000,0.000887,0.37
4,d0wd,B2,20400,60000,11.000,0.001386,0.58
4,d0wd,B2,20400,63600,12.000,0.001088,0.46
4,d0wd,B2,20400,67200,13.000,0.000667,0.28
4,d0wd,B2,20400,70800,14.000,0.015409,6.50
4,d0wd,B2,22200,24000,0.500,0.002928,1.24
4,d0wd,B2,22200,27600,1.500,0.000135,0.06
4,d0wd,B2,22200,31200,2.500,0.006268,2.64
4,d0wd,B2,22200,34800,3.500,0.001675,0.71
4,d0wd,B2,22200,38400,4.500,0.007653,3.23
4,d0wd,B2,22200,42000,5.500,0.002448,1.03
4,d0wd,B2,22200,45600,6.500,0.004702,1.98
4,d0wd,B2,22200,49200,7.500,0.001169,0.49
4,d0wd,B2,22200,52800,8.500,0.000082,0.03
4,d0wd,B2,22200,56400,9.500,0.000469,0.20
4,d0wd,B2,22200,60000,10.500,0.000030,0.01
4,d0wd,B2,22200,63600,11.500,0.000268,0.11
4,d0wd,B2,22200,67200,12.500,0.000689,0.29
4,d0wd,B2,22200,70800,13.500,0.016765,7.07
4,d0wd,B2,24000,27600,1.000,0.002794,1.18
4,d0wd,B2,24000,31200,2.000,0.003339,1.41
4,d0wd,B2,24000,34800,3.000,0.001253,0.53
4,d0wd,B2,24000,38400,4.000,0.004724,1.99
4,d0wd,B2,24000,42000,5.000,0.000480,0.20
4,d0wd,B2,24000,45600,6.000,0.001774,0.75
4,d0wd,B2,24000,49200,7.000,0.001759,0.74
4,d0wd,B2,24000,52800,8.000,0.003010,1.27
4,d0wd,B2,24000,56400,9.000,0.002460,1.04
4,d0wd,B2,24000,60000,10.000,0.002959,1.25
4,d0wd,B2,24000,63600,11.000,0.002660,1.12
4,d0wd,B2,24000,67200,12.000,0.002239,0.94
4,d0wd,B2,24000,70800,13.000,0.013836,5.84
4,d0wd,B2,27600,31200,1.000,0.006133,2.59
4,d0wd,B2,27600,34800,2.000,0.001540,0.65
4,d0wd,B2,27600,38400,3.000,0.007518,3.17
4,d0wd,B2,27600,42000,4.000,0.002313,0.98
4,d0wd,B2,27600,45600,5.000,0.004568,1.93
4,d0wd,B2,27600,49200,6.000,0.001034,0.44
4,d0wd,B2,27600,52800,7.000,0.000217,0.09
4,d0wd,B2,27600,56400,8.000,0.000334,0.14
4,d0wd,B2,27600,60000,9.000,0.000165,0.07
4,d0wd,B2,27600,63600,10.000,0.000133,0.06
4,d0wd,B2,27600,67200,11.000,0.000554,0.23
4,d0wd,B2,27600,70800,12.000,0.016630,7.02
4,d0wd,B2,31200,34800,1.000,0.004593,1.94
4,d0wd,B2,31200,38400,2.000,0.001385,0.58
4,d0wd,B2,31200,42000,3.000,0.003819,1.61
4,d0wd,B2,31200,45600,4.000,0.001565,0.66
4,d0wd,B2,31200,49200,5.000,0.005099,2.15
4,d0wd,B2,31200,52800,6.000,0.006350,2.68
4,d0wd,B2,31200,56400,7.000,0.005799,2.45
4,d0wd,B2,31200,60000,8.000,0.006298,2.66
4,d0wd,B2,31200,63600,9.000,0.006000,2.53
4,d0wd,B2,31200,67200,10.000,0.005579,2.35
4,d0wd,B2,31200,70800,11.000,0.010497,4.43
4,d0wd,B2,34800,38400,1.000,0.005977,2.52
4,d0wd,B2,34800,42000,2.000,0.000773,0.33
4,d0wd,B2,34800,45600,3.000,0.003027,1.28
4,d0wd,B2,34800,49200,4.000,0.000506,0.21
4,d0wd,B2,34800,52800,5.000,0.001757,0.74
4,d0wd,B2,34800,56400,6.000,0.001206,0.51
4,d0wd,B2,34800,60000,7.000,0.001705,0.72
4,d0wd,B2,34800,63600,8.000,0.001407,0.59
4,d0wd,B2,34800,67200,9.000,0.000986,0.42
4,d0wd,B2,34800,70800,10.000,0.015089,6.37
4,d0wd,B2,38400,42000,1.000,0.005204,2.20
4,d0wd,B2,38400,45600,2.000,0.002950,1.24
4,d0wd,B2,38400,49200,3.000,0.006483,2.74
4,d0wd,B2,38400,52800,4.000,0.007734,3.26
4,d0wd,B2,38400,56400,5.000,0.007184,3.03
4,d0wd,B2,38400,60000,6.000,0.007683,3.24
4,d0wd,B2,38400,63600,7.000,0.007384,3.12
4,d0wd,B2,38400,67200,8.000,0.006964,2.94
4,d0wd,B2,38400,70800,9.000,0.009112,3.84
4,d0wd,B2,42000,45600,1.000,0.002254,0.95
4,d0wd,B2,42000,49200,2.000,0.001279,0.54
4,d0wd,B2,42000,52800,3.000,0.002530,1.07
4,d0wd,B2,42000,56400,4.000,0.001980,0.84
4,d0wd,B2,42000,60000,5.000,0.002479,1.05
4,d0wd,B2,42000,63600,6.000,0.002180,0.92
4,d0wd,B2,42000,67200,7.000,0.001759,0.74
4,d0wd,B2,42000,70800,8.000,0.014316,6.04
4,d0wd,B2,45600,49200,1.000,0.003533,1.49
4,d0wd,B2,45600,52800,2.000,0.004784,2.02
4,d0wd,B2,45600,56400,3.000,0.004234,1.79
4,d0wd,B2,45600,60000,4.000,0.004733,2.00
4,d0wd,B2,45600,63600,5.000,0.004434,1.87
4,d0wd,B2,45600,67200,6.000,0.004013,1.69
4,d0wd,B2,45600,70800,7.000,0.012062,5.09
4,d0wd,B2,49200,52800,1.000,0.001251,0.53
4,d0wd,B2,49200,56400,2.000,0.000700,0.30
4,d0wd,B2,49200,60000,3.000,0.001199,0.51
4,d0wd,B2,49200,63600,4.000,0.000901,0.38
4,d0wd,B2,49200,67200,5.000,0.000480,0.20
4,d0wd,B2,49200,70800,6.000,0.015595,6.58
4,d0wd,B2,52800,56400,1.000,0.000551,0.23
4,d0wd,B2,52800,60000,2.000,0.000052,0.02
4,d0wd,B2,52800,63600,3.000,0.000350,0.15
4,d0wd,B2,52800,67200,4.000,0.000771,0.33
4,d0wd,B2,52800,70800,5.000,0.016846,7.11
4,d0wd,B2,56400,60000,1.000,0.000499,0.21
4,d0wd,B2,56400,63600,2.000,0.000201,0.08
4,d0wd,B2,56400,67200,3.000,0.000220,0.09
4,d0wd,B2,56400,70800,4.000,0.016296,6.88
4,d0wd,B2,60000,63600,1.000,0.000298,0.13
4,d0wd,B2,60000,67200,2.000,0.000719,0.30
4,d0wd,B2,60000,70800,3.000,0.016795,7.09
4,d0wd,B2,63600,67200,1.000,0.000421,0.18
4,d0wd,B2,63600,70800,2.000,0.016496,6.96
4,d0wd,B2,67200,70800,1.000,0.016076,6.78
4,d0wd,B3,2400,4200,0.500,0.006475,2.73
4,d0wd,B3,2400,6000,1.000,0.007683,3.24
4,d0wd,B3,2400,7800,1.500,0.011282,4.76
4,d0wd,B3,2400,9600,2.000,0.014578,6.15
4,d0wd,B3,2400,11400,2.500,0.014019,5.92
4,d0wd,B3,2400,13200,3.000,0.012225,5.16
4,d0wd,B3,2400,15000,3.500,0.019220,8.11
4,d0wd,B3,2400,16800,4.000,0.007817,3.30
4,d0wd,B3,2400,18600,4.500,0.019766,8.34
4,d0wd,B3,2400,20400,5.000,0.024476,10.33
4,d0wd,B3,4200,6000,0.500,0.001207,0.51
4,d0wd,B3,4200,7800,1.000,0.004807,2.03
4,d0wd,B3,4200,9600,1.500,0.008103,3.42
4,d0wd,B3,4200,11400,2.000,0.007543,3.18
4,d0wd,B3,4200,13200,2.500,0.005750,2.43
4,d0wd,B3,4200,15000,3.000,0.025696,10.84
4,d0wd,B3,4200,16800,3.500,0.001342,0.57
4,d0wd,B3,4200,18600,4.000,0.013291,5.61
4,d0wd,B3,4200,20400,4.500,0.018001,7.60
4,d0wd,B3,6000,7800,0.500,0.003600,1.52
4,d0wd,B3,6000,9600,1.000,0.006896,2.91
4,d0wd,B3,6000,11400,1.500,0.006336,2.67
4,d0wd,B3,6000,13200,2.000,0.004543,1.92
4,d0wd,B3,6000,15000,2.500,0.026903,11.35
4,d0wd,B3,6000,16800,3.000,0.000134,0.06
4,d0wd,B3,6000,18600,3.500,0.012083,5.10
4,d0wd,B3,6000,20400,4.000,0.016794,7.09
4,d0wd,B3,7800,9600,0.500,0.003296,1.39
4,d0wd,B3,7800,11400,1.000,0.002737,1.15
4,d0wd,B3,7800,13200,1.500,0.000943,0.40
4,d0wd,B3,7800,15000,2.000,0.030502,12.87
4,d0wd,B3,7800,16800,2.500,0.003465,1.46
4,d0wd,B3,7800,18600,3.000,0.008484,3.58
4,d0wd,B3,7800,20400,3.500,0.013194,5.57
4,d0wd,B3,9600,11400,0.500,0.000560,0.24
4,d0wd,B3,9600,13200,1.000,0.002353,0.99
4,d0wd,B3,9600,15000,1.500,0.033799,14.26
4,d0wd,B3,9600,16800,2.000,0.006761,2.85
4,d0wd,B3,9600,18600,2.500,0.005188,2.19
4,d0wd,B3,9600,20400,3.000,0.009898,4.18
4,d0wd,B3,11400,13200,0.500,0.001794,0.76
4,d0wd,B3,11400,15000,1.000,0.033239,14.02
4,d0wd,B3,11400,16800,1.500,0.006202,2.62
4,d0wd,B3,11400,18600,2.000,0.005747,2.43
4,d0wd,B3,11400,20400,2.500,0.010458,4.41
4,d0wd,B3,13200,15000,0.500,0.031446,13.27
4,d0wd,B3,13200,16800,1.000,0.004408,1.86
4,d0wd,B3,13200,18600,1.500,0.007541,3.18
4,d0wd,B3,13200,20400,2.000,0.012251,5.17
4,d0wd,B3,15000,16800,0.500,0.027037,11.41
4,d0wd,B3,15000,18600,1.000,0.038986,16.45
4,d0wd,B3,15000,20400,1.500,0.043697,18.44
4,d0wd,B3,16800,18600,0.500,0.011949,5.04
4,d0wd,B3,16800,20400,1.000,0.016660,7.03
4,d0wd,B3,18600,20400,0.500,0.004711,1.99
4,s3,B1,600,2400,0.500,0.000003,0.00
4,s3,B1,600,4200,1.000,0.000156,0.07
4,s3,B1,600,6000,1.500,0.000023,0.01
4,s3,B1,600,7800,2.000,0.000097,0.04
4,s3,B1,600,9600,2.500,0.000191,0.08
4,s3,B1,600,11400,3.000,0.000119,0.05
4,s3,B1,600,13200,3.500,0.000011,0.00
4,s3,B1,600,15000,4.000,0.001335,0.56
4,s3,B1,600,16800,4.500,0.001966,0.83
4,s3,B1,600,18600,5.000,0.000440,0.19
4,s3,B1,600,20400,5.500,0.001225,0.52
4,s3,B1,2400,4200,0.500,0.000153,0.06
4,s3,B1,2400,6000,1.000,0.000026,0.01
4,s3,B1,2400,7800,1.500,0.000094,0.04
4,s3,B1,2400,9600,2.000,0.000194,0.08
4,s3,B1,2400,11400,2.500,0.000121,0.05
4,s3,B1,2400,13200,3.000,0.000008,0.00
4,s3,B1,2400,15000,3.500,0.001333,0.56
4,s3,B1,2400,16800,4.000,0.001963,0.83
4,s3,B1,2400,18600,4.500,0.000442,0.19
4,s3,B1,2400,20400,5.000,0.001222,0.52
4,s3,B1,4200,6000,0.500,0.000179,0.08
4,s3,B1,4200,7800,1.000,0.000059,0.02
4,s3,B1,4200,9600,1.500,0.000347,0.15
4,s3,B1,4200,11400,2.000,0.000274,0.12
4,s3,B1,4200,13200,2.500,0.000145,0.06
4,s3,B1,4200,15000,3.000,0.001179,0.50
4,s3,B1,4200,16800,3.500,0.001810,0.76
4,s3,B1,4200,18600,4.000,0.000595,0.25
4,s3,B1,4200,20400,4.500,0.001069,0.45
4,s3,B1,6000,7800,0.500,0.000120,0.05
4,s3,B1,6000,9600,1.000,0.000168,0.07
4,s3,B1,6000,11400,1.500,0.000095,0.04
4,s3,B1,6000,13200,2.000,0.000034,0.01
4,s3,B1,6000,15000,2.500,0.001358,0.57
4,s3,B1,6000,16800,3.000,0.001989,0.84
4,s3,B1,6000,18600,3.500,0.000416,0.18
4,s3,B1,6000,20400,4.000,0.001248,0.53
4,s3,B1,7800,9600,0.500,0.000288,0.12
4,s3,B1,7800,11400,1.000,0.000215,0.09
4,s3,B1,7800,13200,1.500,0.000086,0.04
4,s3,B1,7800,15000,2.000,0.001238,0.52
4,s3,B1,7800,16800,2.500,0.001869,0.79
4,s3,B1,7800,18600,3.000,0.000536,0.23
4,s3,B1,7800,20400,3.500,0.001128,0.48
4,s3,B1,9600,11400,0.500,0.000072,0.03
4,s3,B1,9600,13200,1.000,0.000202,0.09
4,s3,B1,9600,15000,1.500,0.001526,0.64
4,s3,B1,9600,16800,2.000,0.002157,0.91
4,s3,B1,9600,18600,2.500,0.000249,0.10
4,s3,B1,9600,20400,3.000,0.001416,0.60
4,s3,B1,11400,13200,0.500,0.000130,0.05
4,s3,B1,11400,15000,1.000,0.001454,0.61
4,s3,B1,11400,16800,1.500,0.002084,0.88
4,s3,B1,11400,18600,2.000,0.000321,0.14
4,s3,B1,11400,20400,2.500,0.001343,0.57
4,s3,B1,13200,15000,0.500,0.001324,0.56
4,s3,B1,13200,16800,1.000,0.001955,0.82
4,s3,B1,13200,18600,1.500,0.000451,0.19
4,s3,B1,13200,20400,2.000,0.001214,0.51
4,s3,B1,15000,16800,0.500,0.000631,0.27
4,s3,B1,15000,18600,1.000,0.001775,0.75
4,s3,B1,15000,20400,1.500,0.000110,0.05
4,s3,B1,16800,18600,0.500,0.002405,1.01
4,s3,B1,16800,20400,1.000,0.000741,0.31
4,s3,B1,18600,20400,0.500,0.001664,0.70
4,s3,B2,600,2400,0.500,0.000248,0.10
4,s3,B2,600,4200,1.000,0.000158,0.07
4,s3,B2,600,6000,1.500,0.000295,0.12
4,s3,B2,600,7800,2.000,0.000717,0.30
4,s3,B2,600,9600,2.500,0.000289,0.12
4,s3,B2,600,11400,3.000,0.000739,0.31
4,s3,B2,600,13200,3.500,0.000749,0.32
4,s3,B2,600,15000,4.000,0.000390,0.16
4,s3,B2,600,16800,4.500,0.000821,0.35
4,s3,B2,600,18600,5.000,0.000198,0.08
4,s3,B2,600,20400,5.500,0.000074,0.03
4,s3,B2,600,24000,6.500,0.005408,2.28
4,s3,B2,600,27600,7.500,0.013152,5.55
4,s3,B2,600,31200,8.500,0.000855,0.36
4,s3,B2,600,34800,9.500,0.002207,0.93
4,s3,B2,600,38400,10.500,0.002404,1.01
4,s3,B2,600,42000,11.500,0.000134,0.06
4,s3,B2,600,45600,12.500,0.000087,0.04
4,s3,B2,600,49200,13.500,0.001182,0.50
4,s3,B2,600,52800,14.500,0.000725,0.31
4,s3,B2,600,56400,15.500,0.000353,0.15
4,s3,B2,600,60000,16.500,0.005772,2.44
4,s3,B2,600,63600,17.500,0.002171,0.92
4,s3,B2,600,67200,18.500,0.005197,2.19
4,s3,B2,600,70800,19.500,0.003095,1.31
4,s3,B2,2400,4200,0.500,0.000090,0.04
4,s3,B2,2400,6000,1.000,0.000047,0.02
4,s3,B2,2400,7800,1.500,0.000469,0.20
4,s3,B2,2400,9600,2.000,0.000041,0.02
4,s3,B2,2400,11400,2.500,0.000986,0.42
4,s3,B2,2400,13200,3.000,0.000501,0.21
4,s3,B2,2400,15000,3.500,0.000143,0.06
4,s3,B2,2400,16800,4.000,0.001068,0.45
4,s3,B2,2400,18600,4.500,0.000049,0.02
4,s3,B2,2400,20400,5.000,0.000321,0.14
4,s3,B2,2400,24000,6.000,0.005160,2.18
4,s3,B2,2400,27600,7.000,0.012904,5.44
4,s3,B2,2400,31200,8.000,0.000607,0.26
4,s3,B2,2400,34800,9.000,0.002455,1.04
4,s3,B2,2400,38400,10.000,0.002156,0.91
4,s3,B2,2400,42000,11.000,0.000114,0.05
4,s3,B2,2400,45600,12.000,0.000161,0.07
4,s3,B2,2400,49200,13.000,0.001430,0.60
4,s3,B2,2400,52800,14.000,0.000477,0.20
4,s3,B2,2400,56400,15.000,0.000600,0.25
4,s3,B2,2400,60000,16.000,0.006019,2.54
4,s3,B2,2400,63600,17.000,0.002419,1.02
4,s3,B2,2400,67200,18.000,0.005445,2.30
4,s3,B2,2400,70800,19.000,0.003343,1.41
4,s3,B2,4200,6000,0.500,0.000137,0.06
4,s3,B2,4200,7800,1.000,0.000559,0.24
4,s3,B2,4200,9600,1.500,0.000131,0.06
4,s3,B2,4200,11400,2.000,0.000897,0.38
4,s3,B2,4200,13200,2.500,0.000591,0.25
4,s3,B2,4200,15000,3.000,0.000232,0.10
4,s3,B2,4200,16800,3.500,0.000978,0.41
4,s3,B2,4200,18600,4.000,0.000040,0.02
4,s3,B2,4200,20400,4.500,0.000232,0.10
4,s3,B2,4200,24000,5.500,0.005250,2.22
4,s3,B2,4200,27600,6.500,0.012994,5.48
4,s3,B2,4200,31200,7.500,0.000697,0.29
4,s3,B2,4200,34800,8.500,0.002365,1.00
4,s3,B2,4200,38400,9.500,0.002246,0.95
4,s3,B2,4200,42000,10.500,0.000024,0.01
4,s3,B2,4200,45600,11.500,0.000071,0.03
4,s3,B2,4200,49200,12.500,0.001340,0.57
4,s3,B2,4200,52800,13.500,0.000567,0.24
4,s3,B2,4200,56400,14.500,0.000511,0.22
4,s3,B2,4200,60000,15.500,0.005930,2.50
4,s3,B2,4200,63600,16.500,0.002329,0.98
4,s3,B2,4200,67200,17.500,0.005355,2.26
4,s3,B2,4200,70800,18.500,0.003253,1.37
4,s3,B2,6000,7800,0.500,0.000422,0.18
4,s3,B2,6000,9600,1.000,0.000006,0.00
4,s3,B2,6000,11400,1.500,0.001034,0.44
4,s3,B2,6000,13200,2.000,0.000454,0.19
4,s3,B2,6000,15000,2.500,0.000095,0.04
4,s3,B2,6000,16800,3.000,0.001115,0.47
4,s3,B2,6000,18600,3.500,0.000096,0.04
4,s3,B2,6000,20400,4.000,0.000368,0.16
4,s3,B2,6000,24000,5.000,0.005113,2.16
4,s3,B2,6000,27600,6.000,0.012857,5.42
4,s3,B2,6000,31200,7.000,0.000560,0.24
4,s3,B2,6000,34800,8.000,0.002502,1.06
4,s3,B2,6000,38400,9.000,0.002109,0.89
4,s3,B2,6000,42000,10.000,0.000161,0.07
4,s3,B2,6000,45600,11.000,0.000208,0.09
4,s3,B2,6000,49200,12.000,0.001477,0.62
4,s3,B2,6000,52800,13.000,0.000430,0.18
4,s3,B2,6000,56400,14.000,0.000648,0.27
4,s3,B2,6000,60000,15.000,0.006067,2.56
4,s3,B2,6000,63600,16.000,0.002466,1.04
4,s3,B2,6000,67200,17.000,0.005492,2.32
4,s3,B2,6000,70800,18.000,0.003390,1.43
4,s3,B2,7800,9600,0.500,0.000428,0.18
4,s3,B2,7800,11400,1.000,0.001455,0.61
4,s3,B2,7800,13200,1.500,0.000032,0.01
4,s3,B2,7800,15000,2.000,0.000326,0.14
4,s3,B2,7800,16800,2.500,0.001537,0.65
4,s3,B2,7800,18600,3.000,0.000518,0.22
4,s3,B2,7800,20400,3.500,0.000790,0.33
4,s3,B2,7800,24000,4.500,0.004691,1.98
4,s3,B2,7800,27600,5.500,0.012435,5.25
4,s3,B2,7800,31200,6.500,0.000138,0.06
4,s3,B2,7800,34800,7.500,0.002924,1.23
4,s3,B2,7800,38400,8.500,0.001687,0.71
4,s3,B2,7800,42000,9.500,0.000583,0.25
4,s3,B2,7800,45600,10.500,0.000630,0.27
4,s3,B2,7800,49200,11.500,0.001899,0.80
4,s3,B2,7800,52800,12.500,0.000008,0.00
4,s3,B2,7800,56400,13.500,0.001069,0.45
4,s3,B2,7800,60000,14.500,0.006488,2.74
4,s3,B2,7800,63600,15.500,0.002888,1.22
4,s3,B2,7800,67200,16.500,0.005914,2.50
4,s3,B2,7800,70800,17.500,0.003812,1.61
4,s3,B2,9600,11400,0.500,0.001028,0.43
4,s3,B2,9600,13200,1.000,0.000460,0.19
4,s3,B2,9600,15000,1.500,0.000101,0.04
4,s3,B2,9600,16800,2.000,0.001110,0.47
4,s3,B2,9600,18600,2.500,0.000091,0.04
4,s3,B2,9600,20400,3.000,0.000363,0.15
4,s3,B2,9600,24000,4.000,0.005119,2.16
4,s3,B2,9600,27600,5.000,0.012863,5.43
4,s3,B2,9600,31200,6.000,0.000566,0.24
4,s3,B2,9600,34800,7.000,0.002496,1.05
4,s3,B2,9600,38400,8.000,0.002115,0.89
4,s3,B2,9600,42000,9.000,0.000155,0.07
4,s3,B2,9600,45600,10.000,0.000202,0.09
4,s3,B2,9600,49200,11.000,0.001471,0.62
4,s3,B2,9600,52800,12.000,0.000436,0.18
4,s3,B2,9600,56400,13.000,0.000642,0.27
4,s3,B2,9600,60000,14.000,0.006061,2.56
4,s3,B2,9600,63600,15.000,0.002460,1.04
4,s3,B2,9600,67200,16.000,0.005486,2.31
4,s3,B2,9600,70800,17.000,0.003384,1.43
4,s3,B2,11400,13200,0.500,0.001488,0.63
4,s3,B2,11400,15000,1.000,0.001129,0.48
4,s3,B2,11400,16800,1.500,0.000082,0.03
4,s3,B2,11400,18600,2.000,0.000937,0.40
4,s3,B2,11400,20400,2.500,0.000665,0.28
4,s3,B2,11400,24000,3.500,0.006147,2.59
4,s3,B2,11400,27600,4.500,0.013890,5.86
4,s3,B2,11400,31200,5.500,0.001594,0.67
4,s3,B2,11400,34800,6.500,0.001468,0.62
4,s3,B2,11400,38400,7.500,0.003143,1.33
4,s3,B2,11400,42000,8.500,0.000872,0.37
4,s3,B2,11400,45600,9.500,0.000826,0.35
4,s3,B2,11400,49200,10.500,0.000443,0.19
4,s3,B2,11400,52800,11.500,0.001464,0.62
4,s3,B2,11400,56400,12.500,0.000386,0.16
4,s3,B2,11400,60000,13.500,0.005033,2.12
4,s3,B2,11400,63600,14.500,0.001433,0.60
4,s3,B2,11400,67200,15.500,0.004458,1.88
4,s3,B2,11400,70800,16.500,0.002356,0.99
4,s3,B2,13200,15000,0.500,0.000359,0.15
4,s3,B2,13200,16800,1.000,0.001569,0.66
4,s3,B2,13200,18600,1.500,0.000551,0.23
4,s3,B2,13200,20400,2.000,0.000823,0.35
4,s3,B2,13200,24000,3.000,0.004659,1.97
4,s3,B2,13200,27600,4.000,0.012403,5.23
4,s3,B2,13200,31200,5.000,0.000106,0.04
4,s3,B2,13200,34800,6.000,0.002956,1.25
4,s3,B2,13200,38400,7.000,0.001655,0.70
4,s3,B2,13200,42000,8.000,0.000615,0.26
4,s3,B2,13200,45600,9.000,0.000662,0.28
4,s3,B2,13200,49200,10.000,0.001931,0.81
4,s3,B2,13200,52800,11.000,0.000024,0.01
4,s3,B2,13200,56400,12.000,0.001102,0.46
4,s3,B2,13200,60000,13.000,0.006521,2.75
4,s3,B2,13200,63600,14.000,0.002920,1.23
4,s3,B2,13200,67200,15.000,0.005946,2.51
4,s3,B2,13200,70800,16.000,0.003844,1.62
4,s3,B2,15000,16800,0.500,0.001211,0.51
4,s3,B2,15000,18600,1.000,0.000192,0.08
4,s3,B2,15000,20400,1.500,0.000464,0.20
4,s3,B2,15000,24000,2.500,0.005018,2.12
4,s3,B2,15000,27600,3.500,0.012761,5.38
4,s3,B2,15000,31200,4.500,0.000465,0.20
4,s3,B2,15000,34800,5.500,0.002597,1.10
4,s3,B2,15000,38400,6.500,0.002014,0.85
4,s3,B2,15000,42000,7.500,0.000257,0.11
4,s3,B2,15000,45600,8.500,0.000303,0.13
4,s3,B2,15000,49200,9.500,0.001572,0.66
4,s3,B2,15000,52800,10.500,0.000335,0.14
4,s3,B2,15000,56400,11.500,0.000743,0.31
4,s3,B2,15000,60000,12.500,0.006162,2.60
4,s3,B2,15000,63600,13.500,0.002562,1.08
4,s3,B2,15000,67200,14.500,0.005587,2.36
4,s3,B2,15000,70800,15.500,0.003485,1.47
4,s3,B2,16800,18600,0.500,0.001019,0.43
4,s3,B2,16800,20400,1.000,0.000747,0.32
4,s3,B2,16800,24000,2.000,0.006229,2.63
4,s3,B2,16800,27600,3.000,0.013972,5.90
4,s3,B2,16800,31200,4.000,0.001676,0.71
4,s3,B2,16800,34800,5.000,0.001386,0.58
4,s3,B2,16800,38400,6.000,0.003224,1.36
4,s3,B2,16800,42000,7.000,0.000954,0.40
4,s3,B2,16800,45600,8.000,0.000907,0.38
4,s3,B2,16800,49200,9.000,0.000361,0.15
4,s3,B2,16800,52800,10.000,0.001546,0.65
4,s3,B2,16800,56400,11.000,0.000468,0.20
4,s3,B2,16800,60000,12.000,0.004951,2.09
4,s3,B2,16800,63600,13.000,0.001351,0.57
4,s3,B2,16800,67200,14.000,0.004377,1.85
4,s3,B2,16800,70800,15.000,0.002274,0.96
4,s3,B2,18600,20400,0.500,0.000272,0.11
4,s3,B2,18600,24000,1.500,0.005210,2.20
4,s3,B2,18600,27600,2.500,0.012953,5.47
4,s3,B2,18600,31200,3.500,0.000657,0.28
4,s3,B2,18600,34800,4.500,0.002405,1.01
4,s3,B2,18600,38400,5.500,0.002206,0.93
4,s3,B2,18600,42000,6.500,0.000065,0.03
4,s3,B2,18600,45600,7.500,0.000112,0.05
4,s3,B2,18600,49200,8.500,0.001380,0.58
4,s3,B2,18600,52800,9.500,0.000527,0.22
4,s3,B2,18600,56400,10.500,0.000551,0.23
4,s3,B2,18600,60000,11.500,0.005970,2.52
4,s3,B2,18600,63600,12.500,0.002370,1.00
4,s3,B2,18600,67200,13.500,0.005395,2.28
4,s3,B2,18600,70800,14.500,0.003293,1.39
4,s3,B2,20400,24000,1.000,0.005482,2.31
4,s3,B2,20400,27600,2.000,0.013225,5.58
4,s3,B2,20400,31200,3.000,0.000929,0.39
4,s3,B2,20400,34800,4.000,0.002133,0.90
4,s3,B2,20400,38400,5.000,0.002478,1.05
4,s3,B2,20400,42000,6.000,0.000207,0.09
4,s3,B2,20400,45600,7.000,0.000160,0.07
4,s3,B2,20400,49200,8.000,0.001108,0.47
4,s3,B2,20400,52800,9.000,0.000799,0.34
4,s3,B2,20400,56400,10.000,0.000279,0.12
4,s3,B2,20400,60000,11.000,0.005698,2.40
4,s3,B2,20400,63600,12.000,0.002098,0.89
4,s3,B2,20400,67200,13.000,0.005124,2.16
4,s3,B2,20400,70800,14.000,0.003021,1.27
4,s3,B2,24000,27600,1.000,0.007744,3.27
4,s3,B2,24000,31200,2.000,0.004553,1.92
4,s3,B2,24000,34800,3.000,0.007615,3.21
4,s3,B2,24000,38400,4.000,0.003004,1.27
4,s3,B2,24000,42000,5.000,0.005274,2.23
4,s3,B2,24000,45600,6.000,0.005321,2.25
4,s3,B2,24000,49200,7.000,0.006590,2.78
4,s3,B2,24000,52800,8.000,0.004683,1.98
4,s3,B2,24000,56400,9.000,0.005761,2.43
4,s3,B2,24000,60000,10.000,0.011180,4.72
4,s3,B2,24000,63600,11.000,0.007579,3.20
4,s3,B2,24000,67200,12.000,0.010605,4.47
4,s3,B2,24000,70800,13.000,0.008503,3.59
4,s3,B2,27600,31200,1.000,0.012297,5.19
4,s3,B2,27600,34800,2.000,0.015359,6.48
4,s3,B2,27600,38400,3.000,0.010748,4.53
4,s3,B2,27600,42000,4.000,0.013018,5.49
4,s3,B2,27600,45600,5.000,0.013065,5.51
4,s3,B2,27600,49200,6.000,0.014334,6.05
4,s3,B2,27600,52800,7.000,0.012427,5.24
4,s3,B2,27600,56400,8.000,0.013505,5.70
4,s3,B2,27600,60000,9.000,0.018924,7.98
4,s3,B2,27600,63600,10.000,0.015323,6.47
4,s3,B2,27600,67200,11.000,0.018349,7.74
4,s3,B2,27600,70800,12.000,0.016247,6.86
4,s3,B2,31200,34800,1.000,0.003062,1.29
4,s3,B2,31200,38400,2.000,0.001549,0.65
4,s3,B2,31200,42000,3.000,0.000721,0.30
4,s3,B2,31200,45600,4.000,0.000768,0.32
4,s3,B2,31200,49200,5.000,0.002037,0.86
4,s3,B2,31200,52800,6.000,0.000130,0.05
4,s3,B2,31200,56400,7.000,0.001208,0.51
4,s3,B2,31200,60000,8.000,0.006627,2.80
4,s3,B2,31200,63600,9.000,0.003026,1.28
4,s3,B2,31200,67200,10.000,0.006052,2.55
4,s3,B2,31200,70800,11.000,0.003950,1.67
4,s3,B2,34800,38400,1.000,0.004611,1.95
4,s3,B2,34800,42000,2.000,0.002341,0.99
4,s3,B2,34800,45600,3.000,0.002294,0.97
4,s3,B2,34800,49200,4.000,0.001025,0.43
4,s3,B2,34800,52800,5.000,0.002932,1.24
4,s3,B2,34800,56400,6.000,0.001854,0.78
4,s3,B2,34800,60000,7.000,0.003565,1.50
4,s3,B2,34800,63600,8.000,0.000036,0.02
4,s3,B2,34800,67200,9.000,0.002990,1.26
4,s3,B2,34800,70800,10.000,0.000888,0.37
4,s3,B2,38400,42000,1.000,0.002270,0.96
4,s3,B2,38400,45600,2.000,0.002317,0.98
4,s3,B2,38400,49200,3.000,0.003586,1.51
4,s3,B2,38400,52800,4.000,0.001679,0.71
4,s3,B2,38400,56400,5.000,0.002757,1.16
4,s3,B2,38400,60000,6.000,0.008176,3.45
4,s3,B2,38400,63600,7.000,0.004575,1.93
4,s3,B2,38400,67200,8.000,0.007601,3.21
4,s3,B2,38400,70800,9.000,0.005499,2.32
4,s3,B2,42000,45600,1.000,0.000047,0.02
4,s3,B2,42000,49200,2.000,0.001316,0.56
4,s3,B2,42000,52800,3.000,0.000591,0.25
4,s3,B2,42000,56400,4.000,0.000487,0.21
4,s3,B2,42000,60000,5.000,0.005906,2.49
4,s3,B2,42000,63600,6.000,0.002305,0.97
4,s3,B2,42000,67200,7.000,0.005331,2.25
4,s3,B2,42000,70800,8.000,0.003229,1.36
4,s3,B2,45600,49200,1.000,0.001269,0.54
4,s3,B2,45600,52800,2.000,0.000638,0.27
4,s3,B2,45600,56400,3.000,0.000440,0.19
4,s3,B2,45600,60000,4.000,0.005859,2.47
4,s3,B2,45600,63600,5.000,0.002258,0.95
4,s3,B2,45600,67200,6.000,0.005284,2.23
4,s3,B2,45600,70800,7.000,0.003182,1.34
4,s3,B2,49200,52800,1.000,0.001907,0.80
4,s3,B2,49200,56400,2.000,0.000829,0.35
4,s3,B2,49200,60000,3.000,0.004590,1.94
4,s3,B2,49200,63600,4.000,0.000989,0.42
4,s3,B2,49200,67200,5.000,0.004015,1.69
4,s3,B2,49200,70800,6.000,0.001913,0.81
4,s3,B2,52800,56400,1.000,0.001078,0.45
4,s3,B2,52800,60000,2.000,0.006497,2.74
4,s3,B2,52800,63600,3.000,0.002896,1.22
4,s3,B2,52800,67200,4.000,0.005922,2.50
4,s3,B2,52800,70800,5.000,0.003820,1.61
4,s3,B2,56400,60000,1.000,0.005419,2.29
4,s3,B2,56400,63600,2.000,0.001819,0.77
4,s3,B2,56400,67200,3.000,0.004844,2.04
4,s3,B2,56400,70800,4.000,0.002742,1.16
4,s3,B2,60000,63600,1.000,0.003600,1.52
4,s3,B2,60000,67200,2.000,0.000575,0.24
4,s3,B2,60000,70800,3.000,0.002677,1.13
4,s3,B2,63600,67200,1.000,0.003026,1.28
4,s3,B2,63600,70800,2.000,0.000924,0.39
4,s3,B2,67200,70800,1.000,0.002102,0.89
4,s3,B3,600,2400,0.500,0.000918,0.39
4,s3,B3,600,4200,1.000,0.001252,0.53
4,s3,B3,600,6000,1.500,0.001827,0.77
4,s3,B3,600,7800,2.000,0.002016,0.85
4,s3,B3,600,9600,2.500,0.001719,0.73
4,s3,B3,600,11400,3.000,0.001791,0.76
4,s3,B3,600,13200,3.500,0.002399,1.01
4,s3,B3,600,15000,4.000,0.001462,0.62
4,s3,B3,600,16800,4.500,0.005553,2.34
4,s3,B3,600,18600,5.000,0.002429,1.02
4,s3,B3,600,20400,5.500,0.001856,0.78
4,s3,B3,2400,4200,0.500,0.000334,0.14
4,s3,B3,2400,6000,1.000,0.000910,0.38
4,s3,B3,2400,7800,1.500,0.001098,0.46
4,s3,B3,2400,9600,2.000,0.000801,0.34
4,s3,B3,2400,11400,2.500,0.000873,0.37
4,s3,B3,2400,13200,3.000,0.001481,0.62
4,s3,B3,2400,15000,3.500,0.002379,1.00
4,s3,B3,2400,16800,4.000,0.004635,1.96
4,s3,B3,2400,18600,4.500,0.003347,1.41
4,s3,B3,2400,20400,5.000,0.000938,0.40
4,s3,B3,4200,6000,0.500,0.000576,0.24
4,s3,B3,4200,7800,1.000,0.000764,0.32
4,s3,B3,4200,9600,1.500,0.000468,0.20
4,s3,B3,4200,11400,2.000,0.000539,0.23
4,s3,B3,4200,13200,2.500,0.001147,0.48
4,s3,B3,4200,15000,3.000,0.002713,1.14
4,s3,B3,4200,16800,3.500,0.004301,1.81
4,s3,B3,4200,18600,4.000,0.003681,1.55
4,s3,B3,4200,20400,4.500,0.000604,0.25
4,s3,B3,6000,7800,0.500,0.000188,0.08
4,s3,B3,6000,9600,1.000,0.000108,0.05
4,s3,B3,6000,11400,1.500,0.000037,0.02
4,s3,B3,6000,13200,2.000,0.000571,0.24
4,s3,B3,6000,15000,2.500,0.003289,1.39
4,s3,B3,6000,16800,3.000,0.003725,1.57
4,s3,B3,6000,18600,3.500,0.004256,1.80
4,s3,B3,6000,20400,4.000,0.000028,0.01
4,s3,B3,7800,9600,0.500,0.000297,0.13
4,s3,B3,7800,11400,1.000,0.000225,0.09
4,s3,B3,7800,13200,1.500,0.000383,0.16
4,s3,B3,7800,15000,2.000,0.003477,1.47
4,s3,B3,7800,16800,2.500,0.003537,1.49
4,s3,B3,7800,18600,3.000,0.004445,1.88
4,s3,B3,7800,20400,3.500,0.000160,0.07
4,s3,B3,9600,11400,0.500,0.000072,0.03
4,s3,B3,9600,13200,1.000,0.000680,0.29
4,s3,B3,9600,15000,1.500,0.003181,1.34
4,s3,B3,9600,16800,2.000,0.003834,1.62
4,s3,B3,9600,18600,2.500,0.004148,1.75
4,s3,B3,9600,20400,3.000,0.000136,0.06
4,s3,B3,11400,13200,0.500,0.000608,0.26
4,s3,B3,11400,15000,1.000,0.003252,1.37
4,s3,B3,11400,16800,1.500,0.003762,1.59
4,s3,B3,11400,18600,2.000,0.004220,1.78
4,s3,B3,11400,20400,2.500,0.000065,0.03
4,s3,B3,13200,15000,0.500,0.003860,1.63
4,s3,B3,13200,16800,1.000,0.003154,1.33
4,s3,B3,13200,18600,1.500,0.004828,2.04
4,s3,B3,13200,20400,2.000,0.000543,0.23
4,s3,B3,15000,16800,0.500,0.007014,2.96
4,s3,B3,15000,18600,1.000,0.000967,0.41
4,s3,B3,15000,20400,1.500,0.003317,1.40
4,s3,B3,16800,18600,0.500,0.007982,3.37
4,s3,B3,16800,20400,1.000,0.003697,1.56
4,s3,B3,18600,20400,0.500,0.004285,1.81
5,d0wd,B1,600,3000,0.667,0.000002,0.00
5,d0wd,B1,600,5400,1.333,0.000122,0.05
5,d0wd,B1,600,7800,2.000,0.000074,0.03
5,d0wd,B1,600,10200,2.667,0.000157,0.07
5,d0wd,B1,600,12600,3.333,0.000084,0.04
5,d0wd,B1,600,15000,4.000,0.000050,0.02
5,d0wd,B1,600,17400,4.667,0.000078,0.03
5,d0wd,B1,3000,5400,0.667,0.000123,0.05
5,d0wd,B1,3000,7800,1.333,0.000073,0.03
5,d0wd,B1,3000,10200,2.000,0.000159,0.07
5,d0wd,B1,3000,12600,2.667,0.000085,0.04
5,d0wd,B1,3000,15000,3.333,0.000052,0.02
5,d0wd,B1,3000,17400,4.000,0.000076,0.03
5,d0wd,B1,5400,7800,0.667,0.000196,0.08
5,d0wd,B1,5400,10200,1.333,0.000036,0.02
5,d0wd,B1,5400,12600,2.000,0.000038,0.02
5,d0wd,B1,5400,15000,2.667,0.000071,0.03
5,d0wd,B1,5400,17400,3.333,0.000200,0.08
5,d0wd,B1,7800,10200,0.667,0.000232,0.10
5,d0wd,B1,7800,12600,1.333,0.000158,0.07
5,d0wd,B1,7800,15000,2.000,0.000125,0.05
5,d0wd,B1,7800,17400,2.667,0.000004,0.00
5,d0wd,B1,10200,12600,0.667,0.000074,0.03
5,d0wd,B1,10200,15000,1.333,0.000107,0.05
5,d0wd,B1,10200,17400,2.000,0.000235,0.10
5,d0wd,B1,12600,15000,0.667,0.000034,0.01
5,d0wd,B1,12600,17400,1.333,0.000162,0.07
5,d0wd,B1,15000,17400,0.667,0.000128,0.05
5,d0wd,B2,600,3000,0.667,0.000121,0.05
5,d0wd,B2,600,5400,1.333,0.000711,0.30
5,d0wd,B2,600,7800,2.000,0.000336,0.14
5,d0wd,B2,600,10200,2.667,0.000363,0.15
5,d0wd,B2,600,12600,3.333,0.000328,0.14
5,d0wd,B2,600,15000,4.000,0.000179,0.08
5,d0wd,B2,600,17400,4.667,0.000972,0.41
5,d0wd,B2,3000,5400,0.667,0.000832,0.35
5,d0wd,B2,3000,7800,1.333,0.000457,0.19
5,d0wd,B2,3000,10200,2.000,0.000242,0.10
5,d0wd,B2,3000,12600,2.667,0.000449,0.19
5,d0wd,B2,3000,15000,3.333,0.000300,0.13
5,d0wd,B2,3000,17400,4.000,0.001093,0.46
5,d0wd,B2,5400,7800,0.667,0.000376,0.16
5,d0wd,B2,5400,10200,1.333,0.001074,0.45
5,d0wd,B2,5400,12600,2.000,0.000383,0.16
5,d0wd,B2,5400,15000,2.667,0.000532,0.22
5,d0wd,B2,5400,17400,3.333,0.000261,0.11
5,d0wd,B2,7800,10200,0.667,0.000699,0.29
5,d0wd,B2,7800,12600,1.333,0.000008,0.00
5,d0wd,B2,7800,15000,2.000,0.000156,0.07
5,d0wd,B2,7800,17400,2.667,0.000637,0.27
5,d0wd,B2,10200,12600,0.667,0.000691,0.29
5,d0wd,B2,10200,15000,1.333,0.000542,0.23
5,d0wd,B2,10200,17400,2.000,0.001335,0.56
5,d0wd,B2,12600,15000,0.667,0.000149,0.06
5,d0wd,B2,12600,17400,1.333,0.000644,0.27
5,d0wd,B2,15000,17400,0.667,0.000793,0.33
5,d0wd,B3,600,3000,0.667,0.003183,1.34
5,d0wd,B3,600,5400,1.333,0.005105,2.15
5,d0wd,B3,600,7800,2.000,0.005949,2.51
5,d0wd,B3,600,10200,2.667,0.006417,2.71
5,d0wd,B3,600,12600,3.333,0.006729,2.84
5,d0wd,B3,600,15000,4.000,0.006620,2.79
5,d0wd,B3,600,17400,4.667,0.005790,2.44
5,d0wd,B3,3000,5400,0.667,0.001921,0.81
5,d0wd,B3,3000,7800,1.333,0.002766,1.17
5,d0wd,B3,3000,10200,2.000,0.003233,1.36
5,d0wd,B3,3000,12600,2.667,0.003546,1.50
5,d0wd,B3,3000,15000,3.333,0.003436,1.45
5,d0wd,B3,3000,17400,4.000,0.002607,1.10
5,d0wd,B3,5400,7800,0.667,0.000845,0.36
5,d0wd,B3,5400,10200,1.333,0.001312,0.55
5,d0wd,B3,5400,12600,2.000,0.001624,0.69
5,d0wd,B3,5400,15000,2.667,0.001515,0.64
5,d0wd,B3,5400,17400,3.333,0.000685,0.29
5,d0wd,B3,7800,10200,0.667,0.000467,0.20
5,d0wd,B3,7800,12600,1.333,0.000780,0.33
5,d0wd,B3,7800,15000,2.000,0.000670,0.28
5,d0wd,B3,7800,17400,2.667,0.000159,0.07
5,d0wd,B3,10200,12600,0.667,0.000312,0.13
5,d0wd,B3,10200,15000,1.333,0.000203,0.09
5,d0wd,B3,10200,17400,2.000,0.000627,0.26
5,d0wd,B3,12600,15000,0.667,0.000109,0.05
5,d0wd,B3,12600,17400,1.333,0.000939,0.40
5,d0wd,B3,15000,17400,0.667,0.000830,0.35
5,s3,B1,600,3000,0.667,0.000563,0.24
5,s3,B1,600,5400,1.333,0.000099,0.04
5,s3,B1,600,7800,2.000,0.000028,0.01
5,s3,B1,600,10200,2.667,0.000016,0.01
5,s3,B1,600,12600,3.333,0.000251,0.11
5,s3,B1,600,15000,4.000,0.000104,0.04
5,s3,B1,600,17400,4.667,0.000220,0.09
5,s3,B1,3000,5400,0.667,0.000463,0.20
5,s3,B1,3000,7800,1.333,0.000591,0.25
5,s3,B1,3000,10200,2.000,0.000546,0.23
5,s3,B1,3000,12600,2.667,0.000813,0.34
5,s3,B1,3000,15000,3.333,0.000458,0.19
5,s3,B1,3000,17400,4.000,0.000782,0.33
5,s3,B1,5400,7800,0.667,0.000127,0.05
5,s3,B1,5400,10200,1.333,0.000083,0.03
5,s3,B1,5400,12600,2.000,0.000350,0.15
5,s3,B1,5400,15000,2.667,0.000005,0.00
5,s3,B1,5400,17400,3.333,0.000319,0.13
5,s3,B1,7800,10200,0.667,0.000044,0.02
5,s3,B1,7800,12600,1.333,0.000222,0.09
5,s3,B1,7800,15000,2.000,0.000133,0.06
5,s3,B1,7800,17400,2.667,0.000192,0.08
5,s3,B1,10200,12600,0.667,0.000267,0.11
5,s3,B1,10200,15000,1.333,0.000088,0.04
5,s3,B1,10200,17400,2.000,0.000236,0.10
5,s3,B1,12600,15000,0.667,0.000355,0.15
5,s3,B1,12600,17400,1.333,0.000031,0.01
5,s3,B1,15000,17400,0.667,0.000324,0.14
5,s3,B2,600,3000,0.667,0.000701,0.30
5,s3,B2,600,5400,1.333,0.000443,0.19
5,s3,B2,600,7800,2.000,0.001312,0.55
5,s3,B2,600,10200,2.667,0.000997,0.42
5,s3,B2,600,12600,3.333,0.000778,0.33
5,s3,B2,600,15000,4.000,0.000912,0.38
5,s3,B2,600,17400,4.667,0.001319,0.56
5,s3,B2,3000,5400,0.667,0.000258,0.11
5,s3,B2,3000,7800,1.333,0.000611,0.26
5,s3,B2,3000,10200,2.000,0.000296,0.12
5,s3,B2,3000,12600,2.667,0.000077,0.03
5,s3,B2,3000,15000,3.333,0.000211,0.09
5,s3,B2,3000,17400,4.000,0.000618,0.26
5,s3,B2,5400,7800,0.667,0.000869,0.37
5,s3,B2,5400,10200,1.333,0.000554,0.23
5,s3,B2,5400,12600,2.000,0.000335,0.14
5,s3,B2,5400,15000,2.667,0.000469,0.20
5,s3,B2,5400,17400,3.333,0.000876,0.37
5,s3,B2,7800,10200,0.667,0.000315,0.13
5,s3,B2,7800,12600,1.333,0.000534,0.23
5,s3,B2,7800,15000,2.000,0.000400,0.17
5,s3,B2,7800,17400,2.667,0.000007,0.00
5,s3,B2,10200,12600,0.667,0.000220,0.09
5,s3,B2,10200,15000,1.333,0.000086,0.04
5,s3,B2,10200,17400,2.000,0.000321,0.14
5,s3,B2,12600,15000,0.667,0.000134,0.06
5,s3,B2,12600,17400,1.333,0.000541,0.23
5,s3,B2,15000,17400,0.667,0.000407,0.17
5,s3,B3,600,3000,0.667,0.001590,0.67
5,s3,B3,600,5400,1.333,0.001538,0.65
5,s3,B3,600,7800,2.000,0.001337,0.56
5,s3,B3,600,10200,2.667,0.001958,0.83
5,s3,B3,600,12600,3.333,0.001972,0.83
5,s3,B3,600,15000,4.000,0.002015,0.85
5,s3,B3,600,17400,4.667,0.002126,0.90
5,s3,B3,3000,5400,0.667,0.000052,0.02
5,s3,B3,3000,7800,1.333,0.000254,0.11
5,s3,B3,3000,10200,2.000,0.000368,0.16
5,s3,B3,3000,12600,2.667,0.000381,0.16
5,s3,B3,3000,15000,3.333,0.000425,0.18
5,s3,B3,3000,17400,4.000,0.000535,0.23
5,s3,B3,5400,7800,0.667,0.000202,0.09
5,s3,B3,5400,10200,1.333,0.000420,0.18
5,s3,B3,5400,12600,2.000,0.000433,0.18
5,s3,B3,5400,15000,2.667,0.000477,0.20
5,s3,B3,5400,17400,3.333,0.000587,0.25
5,s3,B3,7800,10200,0.667,0.000621,0.26
5,s3,B3,7800,12600,1.333,0.000635,0.27
5,s3,B3,7800,15000,2.000,0.000678,0.29
5,s3,B3,7800,17400,2.667,0.000789,0.33
5,s3,B3,10200,12600,0.667,0.000014,0.01
5,s3,B3,10200,15000,1.333,0.000057,0.02
5,s3,B3,10200,17400,2.000,0.000168,0.07
5,s3,B3,12600,15000,0.667,0.000043,0.02
5,s3,B3,12600,17400,1.333,0.000154,0.07
5,s3,B3,15000,17400,0.667,0.000111,0.05
6,d0wd,B1,600,3000,0.667,0.002013,0.85
6,d0wd,B1,600,5400,1.333,0.001886,0.80
6,d0wd,B1,600,7800,2.000,0.001881,0.79
6,d0wd,B1,600,10200,2.667,0.002062,0.87
6,d0wd,B1,600,12600,3.333,0.001797,0.76
6,d0wd,B1,600,15000,4.000,0.002464,1.04
6,d0wd,B1,600,17400,4.667,0.002212,0.93
6,d0wd,B1,3000,5400,0.667,0.000127,0.05
6,d0wd,B1,3000,7800,1.333,0.000132,0.06
6,d0wd,B1,3000,10200,2.000,0.000049,0.02
6,d0wd,B1,3000,12600,2.667,0.000216,0.09
6,d0wd,B1,3000,15000,3.333,0.000451,0.19
6,d0wd,B1,3000,17400,4.000,0.000199,0.08
6,d0wd,B1,5400,7800,0.667,0.000005,0.00
6,d0wd,B1,5400,10200,1.333,0.000176,0.07
6,d0wd,B1,5400,12600,2.000,0.000089,0.04
6,d0wd,B1,5400,15000,2.667,0.000578,0.24
6,d0wd,B1,5400,17400,3.333,0.000326,0.14
6,d0wd,B1,7800,10200,0.667,0.000181,0.08
6,d0wd,B1,7800,12600,1.333,0.000084,0.04
6,d0wd,B1,7800,15000,2.000,0.000583,0.25
6,d0wd,B1,7800,17400,2.667,0.000331,0.14
6,d0wd,B1,10200,12600,0.667,0.000265,0.11
6,d0wd,B1,10200,15000,1.333,0.000401,0.17
6,d0wd,B1,10200,17400,2.000,0.000150,0.06
6,d0wd,B1,12600,15000,0.667,0.000667,0.28
6,d0wd,B1,12600,17400,1.333,0.000415,0.18
6,d0wd,B1,15000,17400,0.667,0.000251,0.11
6,d0wd,B2,600,3000,0.667,0.001347,0.57
6,d0wd,B2,600,5400,1.333,0.001385,0.58
6,d0wd,B2,600,7800,2.000,0.001277,0.54
6,d0wd,B2,600,10200,2.667,0.001580,0.67
6,d0wd,B2,600,12600,3.333,0.001618,0.68
6,d0wd,B2,600,15000,4.000,0.001509,0.64
6,d0wd,B2,600,17400,4.667,0.001723,0.73
6,d0wd,B2,3000,5400,0.667,0.000038,0.02
6,d0wd,B2,3000,7800,1.333,0.000070,0.03
6,d0wd,B2,3000,10200,2.000,0.000233,0.10
6,d0wd,B2,3000,12600,2.667,0.000270,0.11
6,d0wd,B2,3000,15000,3.333,0.000161,0.07
6,d0wd,B2,3000,17400,4.000,0.000376,0.16
6,d0wd,B2,5400,7800,0.667,0.000108,0.05
6,d0wd,B2,5400,10200,1.333,0.000195,0.08
6,d0wd,B2,5400,12600,2.000,0.000232,0.10
6,d0wd,B2,5400,15000,2.667,0.000123,0.05
6,d0wd,B2,5400,17400,3.333,0.000338,0.14
6,d0wd,B2,7800,10200,0.667,0.000303,0.13
6,d0wd,B2,7800,12600,1.333,0.000341,0.14
6,d0wd,B2,7800,15000,2.000,0.000232,0.10
6,d0wd,B2,7800,17400,2.667,0.000446,0.19
6,d0wd,B2,10200,12600,0.667,0.000038,0.02
6,d0wd,B2,10200,15000,1.333,0.000071,0.03
6,d0wd,B2,10200,17400,2.000,0.000143,0.06
6,d0wd,B2,12600,15000,0.667,0.000109,0.05
6,d0wd,B2,12600,17400,1.333,0.000105,0.04
6,d0wd,B2,15000,17400,0.667,0.000215,0.09
6,d0wd,B3,600,3000,0.667,0.001494,0.63
6,d0wd,B3,600,5400,1.333,0.001254,0.53
6,d0wd,B3,600,7800,2.000,0.001262,0.53
6,d0wd,B3,600,10200,2.667,0.000191,0.08
6,d0wd,B3,600,12600,3.333,0.001679,0.71
6,d0wd,B3,600,15000,4.000,0.000886,0.37
6,d0wd,B3,600,17400,4.667,0.001541,0.65
6,d0wd,B3,3000,5400,0.667,0.000240,0.10
6,d0wd,B3,3000,7800,1.333,0.000232,0.10
6,d0wd,B3,3000,10200,2.000,0.001303,0.55
6,d0wd,B3,3000,12600,2.667,0.000184,0.08
6,d0wd,B3,3000,15000,3.333,0.000609,0.26
6,d0wd,B3,3000,17400,4.000,0.000047,0.02
6,d0wd,B3,5400,7800,0.667,0.000008,0.00
6,d0wd,B3,5400,10200,1.333,0.001063,0.45
6,d0wd,B3,5400,12600,2.000,0.000425,0.18
6,d0wd,B3,5400,15000,2.667,0.000368,0.16
6,d0wd,B3,5400,17400,3.333,0.000287,0.12
6,d0wd,B3,7800,10200,0.667,0.001071,0.45
6,d0wd,B3,7800,12600,1.333,0.000416,0.18
6,d0wd,B3,7800,15000,2.000,0.000377,0.16
6,d0wd,B3,7800,17400,2.667,0.000279,0.12
6,d0wd,B3,10200,12600,0.667,0.001487,0.63
6,d0wd,B3,10200,15000,1.333,0.000694,0.29
6,d0wd,B3,10200,17400,2.000,0.001350,0.57
6,d0wd,B3,12600,15000,0.667,0.000793,0.33
6,d0wd,B3,12600,17400,1.333,0.000137,0.06
6,d0wd,B3,15000,17400,0.667,0.000656,0.28
7,d0wd,B1,600,3000,0.667,0.000695,0.29
7,d0wd,B1,600,5400,1.333,0.025396,10.72
7,d0wd,B1,600,7800,2.000,0.026658,11.25
7,d0wd,B1,600,10200,2.667,0.026030,10.98
7,d0wd,B1,600,12600,3.333,0.026595,11.22
7,d0wd,B1,600,15000,4.000,0.025514,10.77
7,d0wd,B1,600,17400,4.667,0.021978,9.27
7,d0wd,B1,3000,5400,0.667,0.024701,10.42
7,d0wd,B1,3000,7800,1.333,0.025964,10.96
7,d0wd,B1,3000,10200,2.000,0.025335,10.69
7,d0wd,B1,3000,12600,2.667,0.025901,10.93
7,d0wd,B1,3000,15000,3.333,0.024819,10.47
7,d0wd,B1,3000,17400,4.000,0.021284,8.98
7,d0wd,B1,5400,7800,0.667,0.001263,0.53
7,d0wd,B1,5400,10200,1.333,0.000634,0.27
7,d0wd,B1,5400,12600,2.000,0.001200,0.51
7,d0wd,B1,5400,15000,2.667,0.000118,0.05
7,d0wd,B1,5400,17400,3.333,0.003417,1.44
7,d0wd,B1,7800,10200,0.667,0.000628,0.27
7,d0wd,B1,7800,12600,1.333,0.000063,0.03
7,d0wd,B1,7800,15000,2.000,0.001145,0.48
7,d0wd,B1,7800,17400,2.667,0.004680,1.97
7,d0wd,B1,10200,12600,0.667,0.000566,0.24
7,d0wd,B1,10200,15000,1.333,0.000516,0.22
7,d0wd,B1,10200,17400,2.000,0.004051,1.71
7,d0wd,B1,12600,15000,0.667,0.001082,0.46
7,d0wd,B1,12600,17400,1.333,0.004617,1.95
7,d0wd,B1,15000,17400,0.667,0.003535,1.49
7,d0wd,B2,600,3000,0.667,0.001470,0.62
7,d0wd,B2,600,5400,1.333,0.000675,0.28
7,d0wd,B2,600,7800,2.000,0.000689,0.29
7,d0wd,B2,600,10200,2.667,0.000798,0.34
7,d0wd,B2,600,12600,3.333,0.000197,0.08
7,d0wd,B2,600,15000,4.000,0.000643,0.27
7,d0wd,B2,600,17400,4.667,0.000536,0.23
7,d0wd,B2,3000,5400,0.667,0.000795,0.34
7,d0wd,B2,3000,7800,1.333,0.000781,0.33
7,d0wd,B2,3000,10200,2.000,0.000672,0.28
7,d0wd,B2,3000,12600,2.667,0.001273,0.54
7,d0wd,B2,3000,15000,3.333,0.002113,0.89
7,d0wd,B2,3000,17400,4.000,0.002005,0.85
7,d0wd,B2,5400,7800,0.667,0.000014,0.01
7,d0wd,B2,5400,10200,1.333,0.000123,0.05
7,d0wd,B2,5400,12600,2.000,0.000478,0.20
7,d0wd,B2,5400,15000,2.667,0.001318,0.56
7,d0wd,B2,5400,17400,3.333,0.001210,0.51
7,d0wd,B2,7800,10200,0.667,0.000110,0.05
7,d0wd,B2,7800,12600,1.333,0.000492,0.21
7,d0wd,B2,7800,15000,2.000,0.001332,0.56
7,d0wd,B2,7800,17400,2.667,0.001224,0.52
7,d0wd,B2,10200,12600,0.667,0.000601,0.25
7,d0wd,B2,10200,15000,1.333,0.001441,0.61
7,d0wd,B2,10200,17400,2.000,0.001334,0.56
7,d0wd,B2,12600,15000,0.667,0.000840,0.35
7,d0wd,B2,12600,17400,1.333,0.000733,0.31
7,d0wd,B2,15000,17400,0.667,0.000107,0.05
7,d0wd,B3,600,3000,0.667,0.000303,0.13
7,d0wd,B3,600,5400,1.333,0.000308,0.13
7,d0wd,B3,600,7800,2.000,0.000296,0.13
7,d0wd,B3,600,10200,2.667,0.000444,0.19
7,d0wd,B3,600,12600,3.333,0.000230,0.10
7,d0wd,B3,600,15000,4.000,0.000283,0.12
7,d0wd,B3,600,17400,4.667,0.000123,0.05
7,d0wd,B3,3000,5400,0.667,0.000005,0.00
7,d0wd,B3,3000,7800,1.333,0.000007,0.00
7,d0wd,B3,3000,10200,2.000,0.000141,0.06
7,d0wd,B3,3000,12600,2.667,0.000073,0.03
7,d0wd,B3,3000,15000,3.333,0.000020,0.01
7,d0wd,B3,3000,17400,4.000,0.000180,0.08
7,d0wd,B3,5400,7800,0.667,0.000011,0.00
7,d0wd,B3,5400,10200,1.333,0.000136,0.06
7,d0wd,B3,5400,12600,2.000,0.000077,0.03
7,d0wd,B3,5400,15000,2.667,0.000024,0.01
7,d0wd,B3,5400,17400,3.333,0.000185,0.08
7,d0wd,B3,7800,10200,0.667,0.000148,0.06
7,d0wd,B3,7800,12600,1.333,0.000066,0.03
7,d0wd,B3,7800,15000,2.000,0.000013,0.01
7,d0wd,B3,7800,17400,2.667,0.000174,0.07
7,d0wd,B3,10200,12600,0.667,0.000214,0.09
7,d0wd,B3,10200,15000,1.333,0.000161,0.07
7,d0wd,B3,10200,17400,2.000,0.000321,0.14
7,d0wd,B3,12600,15000,0.667,0.000053,0.02
7,d0wd,B3,12600,17400,1.333,0.000108,0.05
7,d0wd,B3,15000,17400,0.667,0.000161,0.07
7,s3,B1,600,3000,0.667,0.000130,0.05
7,s3,B1,600,5400,1.333,0.009795,4.13
7,s3,B1,600,7800,2.000,0.009662,4.08
7,s3,B1,600,10200,2.667,0.009669,4.08
7,s3,B1,600,12600,3.333,0.009468,4.00
7,s3,B1,600,15000,4.000,0.010122,4.27
7,s3,B1,600,17400,4.667,0.009914,4.18
7,s3,B1,3000,5400,0.667,0.009926,4.19
7,s3,B1,3000,7800,1.333,0.009792,4.13
7,s3,B1,3000,10200,2.000,0.009799,4.13
7,s3,B1,3000,12600,2.667,0.009599,4.05
7,s3,B1,3000,15000,3.333,0.010253,4.33
7,s3,B1,3000,17400,4.000,0.010045,4.24
7,s3,B1,5400,7800,0.667,0.000134,0.06
7,s3,B1,5400,10200,1.333,0.000126,0.05
7,s3,B1,5400,12600,2.000,0.000327,0.14
7,s3,B1,5400,15000,2.667,0.000327,0.14
7,s3,B1,5400,17400,3.333,0.000119,0.05
7,s3,B1,7800,10200,0.667,0.000007,0.00
7,s3,B1,7800,12600,1.333,0.000193,0.08
7,s3,B1,7800,15000,2.000,0.000461,0.19
7,s3,B1,7800,17400,2.667,0.000253,0.11
7,s3,B1,10200,12600,0.667,0.000201,0.08
7,s3,B1,10200,15000,1.333,0.000453,0.19
7,s3,B1,10200,17400,2.000,0.000245,0.10
7,s3,B1,12600,15000,0.667,0.000654,0.28
7,s3,B1,12600,17400,1.333,0.000446,0.19
7,s3,B1,15000,17400,0.667,0.000208,0.09
7,s3,B2,600,3000,0.667,0.000450,0.19
7,s3,B2,600,5400,1.333,0.000203,0.09
7,s3,B2,600,7800,2.000,0.000476,0.20
7,s3,B2,600,10200,2.667,0.000492,0.21
7,s3,B2,600,12600,3.333,0.000397,0.17
7,s3,B2,600,15000,4.000,0.000608,0.26
7,s3,B2,600,17400,4.667,0.000712,0.30
7,s3,B2,3000,5400,0.667,0.000247,0.10
7,s3,B2,3000,7800,1.333,0.000025,0.01
7,s3,B2,3000,10200,2.000,0.000042,0.02
7,s3,B2,3000,12600,2.667,0.000053,0.02
7,s3,B2,3000,15000,3.333,0.000158,0.07
7,s3,B2,3000,17400,4.000,0.000262,0.11
7,s3,B2,5400,7800,0.667,0.000273,0.12
7,s3,B2,5400,10200,1.333,0.000289,0.12
7,s3,B2,5400,12600,2.000,0.000194,0.08
7,s3,B2,5400,15000,2.667,0.000405,0.17
7,s3,B2,5400,17400,3.333,0.000509,0.21
7,s3,B2,7800,10200,0.667,0.000016,0.01
7,s3,B2,7800,12600,1.333,0.000079,0.03
7,s3,B2,7800,15000,2.000,0.000132,0.06
7,s3,B2,7800,17400,2.667,0.000236,0.10
7,s3,B2,10200,12600,0.667,0.000095,0.04
7,s3,B2,10200,15000,1.333,0.000116,0.05
7,s3,B2,10200,17400,2.000,0.000220,0.09
7,s3,B2,12600,15000,0.667,0.000211,0.09
7,s3,B2,12600,17400,1.333,0.000315,0.13
7,s3,B2,15000,17400,0.667,0.000104,0.04
7,s3,B3,600,3000,0.667,0.003193,1.35
7,s3,B3,600,5400,1.333,0.003695,1.56
7,s3,B3,600,7800,2.000,0.004535,1.91
7,s3,B3,600,10200,2.667,0.005080,2.14
7,s3,B3,600,12600,3.333,0.005296,2.23
7,s3,B3,600,15000,4.000,0.005179,2.19
7,s3,B3,600,17400,4.667,0.005168,2.18
7,s3,B3,3000,5400,0.667,0.000502,0.21
7,s3,B3,3000,7800,1.333,0.001343,0.57
7,s3,B3,3000,10200,2.000,0.001887,0.80
7,s3,B3,3000,12600,2.667,0.002103,0.89
7,s3,B3,3000,15000,3.333,0.001986,0.84
7,s3,B3,3000,17400,4.000,0.001975,0.83
7,s3,B3,5400,7800,0.667,0.000840,0.35
7,s3,B3,5400,10200,1.333,0.001384,0.58
7,s3,B3,5400,12600,2.000,0.001601,0.68
7,s3,B3,5400,15000,2.667,0.001484,0.63
7,s3,B3,5400,17400,3.333,0.001473,0.62
7,s3,B3,7800,10200,0.667,0.000544,0.23
7,s3,B3,7800,12600,1.333,0.000760,0.32
7,s3,B3,7800,15000,2.000,0.000643,0.27
7,s3,B3,7800,17400,2.667,0.000632,0.27
7,s3,B3,10200,12600,0.667,0.000216,0.09
7,s3,B3,10200,15000,1.333,0.000099,0.04
7,s3,B3,10200,17400,2.000,0.000088,0.04
7,s3,B3,12600,15000,0.667,0.000117,0.05
7,s3,B3,12600,17400,1.333,0.000128,0.05
7,s3,B3,15000,17400,0.667,0.000011,0.00
